Title,Rank,Votes,Score,"Esoteric
Rank","Esoteric
Score",Source,Episodes,Studio,First Air Date,Last Air Date,Genres,AniListID,TMDbID,IMGID
Aria,27,9,329,1,185.7,Manga,59,Hal Film Maker,2005-10-06,2015-09-26,"Fantasy, Sci-Fi, Slice of Life",477,53787,/ibcQODpXuKQtYWNQEIfOXnxRSqM.jpg
Anne of Green Gables,29,9,309,2,170.9,Novel,26,Nippon Animation,2001-09-02,2002-03-24,"Drama, Slice of Life",283,21205,/nCH5QNZ5JZAze1nUCAGz4eY5Xba.jpg
Magical DoReMi,72,3,138,3,122.7,Original,214,Toei Animation,1999-02-07,2004-12-11,"Comedy, Drama, Mahou Shoujo, Slice of Life",350,20353,/yODQ7MDKMbvc9H7T06CCDTdzgeX.jpg
Mononoke,31,11,290,4,118.3,Original,12,Toei Animation,2007-07-13,2007-09-28,"Fantasy, Horror, Mystery, Psychological, Supernatural",2246,16660,/uA7iEMDg8rXHPx401H1GBy5Fdaa.jpg
Land of the Lustrous,49,9,205,5,106.7,Manga,12,Orange,2017-10-07,2017-12-23,"Action, Drama, Fantasy, Mystery, Psychological",98707,74091,/pUy4Dcb6UstCI64AYqLbdPISkDS.jpg
Heidi: Girl of the Alps,70,4,138,6,102.1,Novel,52,Nippon Animation,1974-01-06,1974-12-29,"Drama, Slice of Life",2225,29452,/lVyCXYC6itDcfr5u4rfsavXtvOS.jpg
Future Boy Conan,52,7,196,7,101.1,Novel,26,Nippon Animation,1978-04-04,1978-10-31,"Adventure, Drama, Sci-Fi",302,19239,/tmlhwdTBA264iQF2Us5vWdKz1fE.jpg
A Place Further Than the Universe,45,8,226,8,97.6,Original,13,MADHOUSE,2018-01-02,2018-03-27,"Adventure, Comedy, Drama",99426,76059,/iERXyBf0K6DfAQ8oKEYrdjf1vIs.jpg
Windy Tales,59,5,164,9,94.4,Original,13,Production I.G,2004-09-11,2005-02-26,"Drama, Fantasy, Slice of Life, Supernatural",1524,35184,/67BALqq9CEg0WDVsXjw1nTnItqd.jpg
Legend of the Galactic Heroes,26,13,331,10,92.4,Novel,110,Artland,1988-12-01,1997-02-01,"Drama, Sci-Fi",820,27660,/j6amUPH88lc7cJf54MKZCf4a9NA.jpg
Hunter x Hunter (2011),25,15,335,11,85.9,Manga,148,MADHOUSE,2011-10-02,2014-09-23,"Action, Adventure, Fantasy",11061,46298,/ucpgmUR1h5Te1BYegKItoPjOeF7.jpg
Mobile Suit Gundam,89,6,116,12,85.2,Original,3,Sunrise,1997-01-25,1997-07-25,"Drama, Mecha, Sci-Fi",80,42667,/4F9Ona4T6LEo5ZPgOHmPubvnnlD.jpg
Kyousougiga,40,9,246,13,85,Original,12,Toei Animation,2012-08-31,2012-12-22,"Action, Fantasy, Supernatural",10893,54574,/22BpqmMl2Nom2AayXJ3uvMR1vC9.jpg
Ashita no Joe,42,8,238,14,83.7,Manga,126,Mushi Productions,1970-04-01,1981-08-31,"Action, Drama, Slice of Life, Sports",2402,25117,/b7xpXIT5imM3G92Asshnobt8VNi.jpg
Ghost in the Shell: Stand Alone Complex,56,9,182,15,75.4,Manga,52,Production I.G,2002-10-01,2005-01-08,"Action, Sci-Fi",467,1095,/kmFw6PwdQzmMBIma1f3HbyXSD1H.jpg
Texhnolyze,19,14,382,16,74,Original,22,MADHOUSE,2003-04-17,2003-09-25,"Action, Drama, Psychological, Sci-Fi",26,8838,/oUE17mULuTiNFrfAIFUCH0wK6BO.jpg
Hidamari Sketch,68,6,143,17,73.3,Manga,51,Shaft,2007-01-12,2013-01-04,"Comedy, Slice of Life",1852,45893,/5kxpIAl7Ow5Pw9xMhnp67tFcNlD.jpg
Laid-Back Camp,84,6,118,18,72.7,Manga,25,C-Station,2018-01-04,2021-04-01,"Comedy, Slice of Life",98444,76075,/fsTqmos9zikrNJfP0uwFsmuZOh.jpg
Dennou Coil,75,6,134,19,72.3,Original,26,MADHOUSE,2007-05-12,2007-12-01,"Adventure, Comedy, Drama, Mystery, Sci-Fi",2164,13265,/mrNWHDSem2e5wVNIJqHoQe7eYK4.jpg
His and Her Circumstances,44,9,227,20,70.7,Manga,26,Gainax,1998-10-02,1999-03-26,"Comedy, Drama, Romance, Slice of Life",145,36837,/ys1VsQYMNMlQIKt3eCx2DWUZcxW.jpg
Monster,38,13,249,21,69.1,Manga,74,MADHOUSE,2004-04-06,2005-09-27,"Drama, Horror, Mystery, Psychological, Thriller",19,30981,/7ZhHyA0IIQOyz1hzCXpTilXg4Q2.jpg
Clannad,53,11,195,22,67.8,Visual Novel,44,Kyoto Animation,2007-10-05,2009-03-13,"Comedy, Drama, Romance, Slice of Life, Supernatural",2167,24835,/wozB1SJqunJQguLCfiYNpQh19FR.jpg
From the New World,22,15,354,23,67.4,Novel,25,A-1 Pictures,2012-09-29,2013-03-23,"Drama, Horror, Mystery, Psychological, Sci-Fi, Supernatural",13125,53052,/ywghUXAMWJ2uY43bPUgRCPnusJF.jpg
The Vision of Escaflowne,105,4,93,24,66.9,Original,26,Sunrise,1996-04-02,1996-09-24,"Adventure, Fantasy, Mecha, Romance",182,8779,/6uX0Q7Sn9JYWbHqQ5ZRJoJKcTmp.jpg
Fullmetal Alchemist,87,5,117,25,66.7,Manga,64,bones,2009-04-05,2010-07-04,"Action, Adventure, Comedy, Drama, Fantasy",121,31911,/5ZFUEOULaVml7pQuXxhpR2SmVUw.jpg
Lucky Star,54,11,188,26,66.2,Manga,24,Kyoto Animation,2007-04-08,2007-09-16,"Comedy, Slice of Life",1887,42500,/dk7LbdxOHiQZVOQBLSoIVZl2jnx.jpg
March Comes in Like a Lion,11,16,464,27,65.5,Manga,44,Shaft,2016-10-08,2018-03-31,"Drama, Slice of Life",21366,65336,/z7XceZ0n0f032yaq8R2zSimsjVl.jpg
Azumanga Daioh,39,13,246,28,64.6,Manga,26,J.C. Staff,2002-04-08,2002-09-30,"Comedy, Slice of Life",66,12143,/j6uCwt9EvK4a2jiFdFMGfNEGdq6.jpg
Kino's Journey,36,13,263,29,62.9,Light Novel,12,A.C.G.T.,2017-10-06,2017-12-22,"Action, Adventure, Psychological, Slice of Life",486,74097,/nfHnr1rS278EyNwvG32BZ3oWPdX.jpg
Yuri Kuma Arashi,62,6,155,30,62.6,Original,12,SILVER LINK.,2015-01-05,2015-03-30,"Drama, Fantasy, Psychological, Romance",20827,68642,/5iR56K02oa9RDZZaDmwnNasewsS.jpg
Rose of Versailles,41,12,243,31,61.7,Manga,40,Tokyo Movie Shinsha,1979-10-10,1980-09-03,"Adventure, Drama, Romance",338,32676,/xCngKb1ZGMTSympkswtotgqyYvy.jpg
Your Lie In April,96,5,101,32,60.3,Manga,22,A-1 Pictures,2014-10-10,2015-03-20,"Drama, Music, Romance, Slice of Life",20665,61663,/IGbeFv5Ji4W0x530JcSHiQpamY.jpg
Baccano!,32,13,288,33,59.8,Light Novel,13,Brain's Base,2007-07-27,2007-11-02,"Action, Adventure, Mystery, Supernatural",2251,34121,/qOxUTQAOTrMKTHuC9HQZiVsTK0F.jpg
Princess Tutu,47,7,210,33,59.8,Original,38,Hal Film Maker,2002-08-16,2003-05-23,"Drama, Fantasy, Mahou Shoujo, Mystery, Psychological, Romance",721,34132,/lXPCfdHq3GQxLqTBIQ9QtRZSftS.jpg
Samurai Champloo,43,13,232,35,59.6,Original,26,Manglobe,2004-05-20,2005-03-19,"Action, Adventure, Comedy",205,1063,/lYpHeSm7BcUxAbBx1ucuEH7oGAe.jpg
Space Patrol Luluco,104,4,97,36,59.2,Original,13,Trigger,2016-04-01,2016-06-24,"Action, Adventure, Comedy, Romance, Sci-Fi",21637,66107,/bbtLVjV2ELZZjOA2ZruoozhL3rx.jpg
Natsume's Book of Friends,77,6,128,37,58.9,Manga,78,Brain's Base,2008-07-08,2017-07-04,"Drama, Fantasy, Slice of Life, Supernatural",4081,69500,/5AxA0foArb9OeETtibhEQ84doBd.jpg
Excel Saga,139,3,64,38,58.1,Manga,26,J.C. Staff,1999-10-07,2000-03-30,"Comedy, Sci-Fi",379,9519,/hsDcuUPsbAmx6vLYWw0WQaMWska.jpg
Mr. Osomatsu,112,3,85,39,57.4,Original,75,Studio Pierrot,2015-10-05,2021-03-29,"Comedy, Slice of Life",21261,71785,/vEsmh6m9fUhJzGfLxUpliT3vqdh.jpg
JoJo's Bizarre Adventure (2012),58,13,170,40,56.8,Manga,152,APPP,2012-10-06,2019-07-28,"Action, Adventure, Drama, Horror, Supernatural",665,45790,/ogAWwbh3frWtiTyyXrZaVFtqCgp.jpg
Girls' Last Tour,34,12,274,41,56.6,Manga,12,White Fox,2017-10-06,2017-12-22,"Adventure, Sci-Fi, Slice of Life",99420,74185,/5vu36r4OhXqugwp7NH9JohmN4Av.jpg
Sound! Euphonium,66,7,145,42,56.1,Novel,26,Kyoto Animation,2015-04-08,2016-12-29,"Drama, Music, Slice of Life",20912,62564,/l0hKrx6PjQRrHiMzK2Fanen2xbL.jpg
"Remi, the Nobody's Boy",100,3,99,43,56,Novel,51,TMS Entertainment,1977-10-02,1978-10-01,"Adventure, Drama, Slice of Life",2828,44725,/vWPWVexfLDWU9vszZJVKtcgyuiL.jpg
One Punch Man,63,11,150,44,55.1,Manga,24,MADHOUSE,2015-10-05,2019-07-03,"Action, Comedy, Sci-Fi, Supernatural",21087,63926,/iE3s0lG5QVdEHOEZnoAxjmMtvne.jpg
Devilman: Crybaby,50,10,203,45,55,Manga,10,Science SARU,2018-01-05,2018-01-05,"Action, Drama, Horror, Psychological, Supernatural",98460,75208,/lNXoTtfBlgijQ9pfZCwisYkPiTc.jpg
Gosenzo-sama Banbanzai!,88,3,117,46,54.5,Original,6,Studio Pierrot,1989-08-05,1990-01-25,"Comedy, Sci-Fi",4639,113157,/OFJET0TWYuSwNTaQ42n8QvwrsZ.jpg
Kaiji,65,10,145,47,54.2,Manga,52,MADHOUSE,2007-10-03,2011-10-10,"Psychological, Thriller",10271,42951,/hKTG76a11adML9ecbJt07D3jH8i.jpg
Giant Robo,91,6,106,48,53.7,,7,A.C.G.T.,1992-07-23,1998-01-25,"Adventure, Mecha, Sci-Fi",3146,69212,/o6RAeajCWAw9BOCDuCZ2Ib1qSD.jpg
Great Teacher Onizuka,55,11,186,49,53.2,Manga,43,Studio Pierrot,1999-06-30,2000-09-17,"Comedy, Drama, Slice of Life",245,43017,/4rEvetd3kANyGSgXPF235kG0COW.jpg
Kaiba,21,15,372,50,52.5,Original,12,MADHOUSE,2008-04-11,2008-07-25,"Adventure, Mystery, Psychological, Romance, Sci-Fi",3701,34747,/7rq1AFb5SO9j1hlS0SuThLcBBVM.jpg
Trapeze,48,10,206,51,51.2,Other,11,Toei Animation,2009-10-16,2009-12-25,"Comedy, Drama, Psychological",6774,42954,/g2ywT0f5CBQGAetctsTz1nWKqMm.jpg
Fate/Zero,64,8,150,52,50.8,Light Novel,25,ufotable,2011-10-02,2012-06-24,"Action, Drama, Fantasy, Supernatural",10087,45845,/tWkVxWvF8aNGbo1S1Chgu5LCJWq.jpg
Death Note,51,13,202,53,50.5,Manga,37,MADHOUSE,2006-10-04,2007-06-27,"Mystery, Psychological, Supernatural, Thriller",1535,13916,/iigTJJskR1PcjjXqxdyJwVB3BoU.jpg
Code Geass,28,15,320,54,50.4,Original,50,Sunrise,2006-10-05,2008-09-28,"Action, Drama, Mecha, Sci-Fi, Thriller",126830,31724,/8p3HXHOQXjMpU9gAkZVAqozhDzQ.jpg
Turn A Gundam,144,3,61,55,50.3,Original,50,Sunrise,1999-04-09,2000-04-14,"Action, Adventure, Drama, Mecha, Sci-Fi",95,37546,/yTpqQNk5sH3ouKsAh3rZBlROckU.jpg
Death Frenzy,167,1,49,56,49.5,Manga,12,MADHOUSE,2007-07-19,2007-10-11,"Action, Drama",2216,34144,/me1yCtPZAC6kEW1IGWW7XxJASCt.jpg
Berserk,37,15,250,57,48.9,Manga,25,OLM,1997-10-08,1998-04-01,"Action, Adventure, Drama, Fantasy, Horror, Supernatural",33,35935,/iHTSIrdMvaXM4eOFPo6SvAoxZZh.jpg
Urusei Yatsura,85,4,118,58,48.7,Manga,195,Studio Pierrot,1981-10-14,1986-03-19,"Comedy, Drama, Romance, Sci-Fi, Slice of Life",1293,34163,/n8jrIn1inNj50fivueYfG6Gjsto.jpg
Attack on Titan,86,10,117,59,47.4,Manga,76,Wit Studio,2013-04-07,2021-03-29,"Action, Drama, Fantasy, Mystery",16498,1429,/aiy35Evcofzl7hASZZvsFgltHTX.jpg
Hajime No Ippo,109,4,91,60,47.3,Manga,126,MADHOUSE,2000-10-03,2014-03-29,"Comedy, Drama, Sports",19647,42705,/i3U3J2MWovIBZBnZYYiOLBXqNJZ.jpg
Nana,115,4,83,61,47.2,Manga,47,MADHOUSE,2006-04-05,2007-03-28,"Comedy, Drama, Music, Romance, Slice of Life",877,56568,/aqdwwMbM3dczEPHrbPnkIY1bGLI.jpg
Nadia,130,3,68,62,47.1,Original,39,Gainax,1990-04-13,1991-04-12,"Adventure, Comedy, Romance, Sci-Fi",1251,24710,/87HKbb3GJ94b7Vb9bwGQOE9l9l4.jpg
Non Non Biyori,61,10,155,63,46.4,Manga,36,SILVER LINK.,2013-10-07,2021-03-29,"Comedy, Slice of Life",17549,66875,/uEFfrd2xBV2XEGkbNtMrHgLXFM1.jpg
Katanagatari,74,7,136,64,46.3,Light Novel,12,White Fox,2010-01-25,2010-12-11,"Action, Adventure, Romance",6594,46374,/1CINVja7GUEDna1lZDPRgxlsrm9.jpg
Revue Starlight,102,5,98,64,46.3,Original,12,Kinema Citrus,2018-07-13,2018-09-28,"Action, Drama, Music, Psychological",98658,80834,/5Zon3fpEaTS2kJuCfbjdIQnnvrR.jpg
Honey and Clover,107,6,92,66,46.2,Manga,36,J.C. Staff,2005-04-14,2006-09-14,"Comedy, Drama, Romance, Slice of Life",16,35415,/r9BlrgxYUjouB1ybDBYoJbPezs7.jpg
Gilgamesh,170,1,47,67,45.7,Manga,26,Group TAC,2003-10-02,2004-03-25,"Drama, Fantasy, Sci-Fi",385,26107,/ub3XhOLioxmxcCRwCf35SGdOlg9.jpg
Planetes,83,7,120,69,45.3,Manga,26,Sunrise,2003-10-04,2004-04-17,"Drama, Romance, Sci-Fi, Slice of Life",329,34102,/cwC8cLZv8Q7BzOPhy11QpOU5J9x.jpg
Tamako Market,152,3,57,70,45.2,Original,12,Kyoto Animation,2013-01-10,2013-03-28,"Comedy, Slice of Life",16417,48561,/chxENbRzjXqA9xJ36EaZFnFqyzE.jpg
Fullmetal Alchemist: Brotherhood,17,20,422,71,45.1,Manga,64,bones,2009-04-05,2010-07-04,"Action, Adventure, Drama, Fantasy",5114,31911,/5ZFUEOULaVml7pQuXxhpR2SmVUw.jpg
Penguindrum,20,18,378,71,45.1,Original,24,Brain's Base,2011-07-03,2011-12-23,"Drama, Mystery, Psychological, Supernatural",10721,39657,/qXhVdZpGeXi98Nwmu0F3WzrxKid.jpg
Mushishi,8,20,526,73,44.8,Manga,46,Artland,2005-10-23,2014-12-21,"Adventure, Fantasy, Mystery, Psychological, Slice of Life, Supernatural",457,26867,/ianYYQaLkksLGCfeisFNYJE7jIO.jpg
A Dog of Flanders,177,1,44,74,44,Other,52,Nippon Animation,1975-01-05,1975-12-28,"Drama, Slice of Life",2553,45657,/pgEUQ69pbSTAnOejwFkz7rXo1sC.jpg
Blood Blockade Battlefront,70,4,138,75,43.7,Manga,24,bones,2015-04-05,2017-12-24,"Action, Comedy, Supernatural",20727,62327,/1IKNrWEqu2cpOmSpwHqaCbnbIzE.jpg
Wandering Son,92,5,106,76,43.5,Manga,11,AIC,2011-01-14,2011-04-01,"Drama, Romance, Slice of Life",8426,43926,/eh46V76Xn0aVJvc9i7l3ELSCQg1.jpg
Yuyushiki,135,4,65,77,43.3,Manga,12,Kinema Citrus,2013-04-09,2013-06-25,"Comedy, Slice of Life",15911,52890,/fqiDH1cb3vCnz2FUcRHtOEQjFRi.jpg
Touch,175,1,46,78,42.6,Manga,,Studio Gallop,,,"Drama, Romance, Slice of Life, Sports",1065,,
Kill La Kill,35,16,268,79,41.9,Original,24,Trigger,2013-10-04,2014-03-28,"Action, Comedy, Ecchi",18679,60728,/4F1WtP3dFIwLPOfa3u29VEVnNkf.jpg
Black Lagoon,118,5,78,80,41.8,Manga,24,MADHOUSE,2006-04-09,2006-12-20,"Action, Adventure, Drama, Thriller",889,12598,/rk2fTjYgpcN6LEALEO0aKTh9y9S.jpg
Trigun,78,10,127,81,41.1,Manga,26,MADHOUSE,1998-04-02,1998-10-01,"Action, Adventure, Comedy, Drama, Sci-Fi",6,26453,/q7ErceKdCrAy7JIZg0e1KpD95ra.jpg
Gankutsuou,67,7,144,82,40.3,Novel,24,GONZO,2004-10-06,2005-03-30,"Drama, Mystery, Sci-Fi, Supernatural, Thriller",239,9543,/eAatnAycra30LroeMmVSGgrum73.jpg
Bunny Drop,101,8,98,83,39.2,Manga,11,Production I.G,2011-07-08,2011-09-16,Slice of Life,10162,45213,/nMeOuxeY1Djly3xIFoam2H5tU0Q.jpg
Zegapain,176,1,45,84,39,Original,26,Sunrise,2006-04-06,2006-09-28,"Action, Mecha, Romance, Sci-Fi",878,34735,/b3uaZ9fqpw70oPcJEXrIa4uCgqG.jpg
Gintama,110,5,89,85,38.5,Manga,367,Sunrise,2006-04-04,2018-10-08,"Action, Comedy, Drama, Sci-Fi",918,57041,/mWX2XnjYD8WxglIyTWM7z9FurXt.jpg
Princess Principal,193,1,38,86,38.4,Original,12,Studio 3Hz,2017-07-09,2017-09-25,"Action, Adventure, Sci-Fi",98505,72515,/rulGKYoaq1uuXOQzzShyJHrzA8t.jpg
Anohana: The Flower We Saw That Day,119,3,78,87,38.2,Original,11,A-1 Pictures,2011-04-15,2011-06-24,"Drama, Romance, Slice of Life, Supernatural",9989,39434,/2tgOAvOttp7rak3r2U5vIAaeyDt.jpg
Flip Flappers,121,5,75,88,36.9,Original,13,Studio 3Hz,2016-10-06,2016-12-29,"Action, Adventure, Comedy, Fantasy, Mahou Shoujo, Psychological, Sci-Fi",21714,68272,/bMtCTs0ZRA4rRGne5PPO2iZm4SP.jpg
Sarazanmai,146,2,60,89,36.7,Original,11,MAPPA,2019-04-12,2019-06-21,"Comedy, Drama, Fantasy, Psychological, Supernatural",101261,86919,/fRWF8xDA9ZGuvbFE8NLGZoBRuqK.jpg
Shirobako,60,11,158,90,34.9,Original,24,P.A. Works,2014-10-09,2015-03-26,"Comedy, Drama, Slice of Life",20812,64492,/keSYLYWkIKIB1aOy2IgItcWvHiX.jpg
Mobile Police Patlabor,114,6,83,91,34.8,Original,7,Studio DEEN,1988-04-25,1989-06-25,"Comedy, Mecha, Sci-Fi",1288,21738,/eVScFCd5lV0LcQFmewGJI6aGT78.jpg
Mirai Nikki,164,2,52,92,34.1,Manga,26,Asread,2011-10-09,2012-04-15,"Action, Horror, Mystery, Psychological, Supernatural, Thriller",10620,46671,/lQ466CW06VQ30SbHupdLLfxF234.jpg
Lupin III,148,2,59,93,32.4,Manga,278,TMS Entertainment,1971-10-24,2018-09-19,"Action, Adventure, Comedy, Drama, Ecchi, Psychological, Thriller",13203,31572,/aywOqgw5opNykCW4R8os1liPVnq.jpg
"Sayonara, Zetsubou Sensei",195,3,37,94,32.2,Manga,38,Shaft,2007-07-07,2009-09-26,Comedy,2605,42887,/aqmgsww2z7wif1eDeee7YceBxGS.jpg
Monogatari,9,22,516,95,32.1,Light Novel,96,Shaft,2009-07-03,2019-06-22,"Comedy, Drama, Mystery, Psychological, Romance, Supernatural",5081,46195,/gUraB6perKNTXBHV4fRhnYUW6cJ.jpg
Yuru Yuri,98,7,99,96,31.8,Manga,36,Doga Kobo,2011-07-05,2015-12-21,"Comedy, Slice of Life",10495,52891,/aYgira0Ocw2xbviu4pW1aEZq4B9.jpg
Dragon Ball,90,12,109,97,31.3,Manga,291,Toei Animation,1989-04-26,1996-01-31,"Action, Adventure, Comedy, Fantasy",223,12971,/6VKOfL6ihwTiB5Vibq6QTfzhxA6.jpg
My Hero Academia,217,4,32,98,30.8,Manga,113,bones,2016-04-03,2021-07-31,"Action, Adventure, Comedy",21459,65930,/phuYuzqWW9ru8EA3HVjE9W2Rr3M.jpg
Hunter x Hunter (1999),111,3,88,99,29.6,Manga,62,Nippon Animation,1999-10-16,2001-03-31,"Action, Adventure, Fantasy",136,45952,/bQ325mb0gvcksV2YbDVIYHi7RNQ.jpg
Dragon Ball Z,141,9,63,99,29.6,Manga,291,Toei Animation,1989-04-26,1996-01-31,"Action, Adventure, Comedy",813,12971,/6VKOfL6ihwTiB5Vibq6QTfzhxA6.jpg
Mobile Suit Zeta Gundam,169,2,48,101,29.4,Original,50,Sunrise,1985-03-02,1986-02-22,"Drama, Mecha, Sci-Fi",85,13674,/pmErEd15QbO05OJ3awhr7jvs8LQ.jpg
"Now and Then, Here and There",57,8,176,102,28.8,Original,13,AIC,1999-10-14,2000-01-20,"Adventure, Drama, Fantasy, Sci-Fi",160,26340,/vjw3X2Tv1C9zT2StFTdgPEJkxnB.jpg
Gasaraki,246,1,28,102,28.8,Original,25,Sunrise,1998-10-04,1999-03-28,"Drama, Mecha, Psychological, Supernatural",782,34782,/6xN2mibxO4yMqHkOmjN6uSVXX4k.jpg
Miss Kobayashi's Dragon Maid,94,7,104,104,27.9,Manga,26,Kyoto Animation,2017-01-12,2021-08-05,"Comedy, Fantasy, Slice of Life",21776,69291,/tNznuhcf7WKzEmPQEsIgGMrB3Az.jpg
Cyber City Oedo 808,162,3,52,105,27.8,Original,3,MADHOUSE,1990-06-21,1991-10-04,"Action, Adventure, Sci-Fi",1352,64210,/9TaiOqFMxVPEBGwpdRZbskRgCtY.jpg
Ergo Proxy,129,6,68,106,27.6,Original,23,Manglobe,2006-02-25,2006-08-12,"Adventure, Mystery, Psychological, Sci-Fi",790,1097,/qolcK1gqok7Gfx08sQdvxsXuac8.jpg
House of Five Leaves,157,2,54,107,27.3,Manga,12,Manglobe,2010-04-16,2010-07-02,"Drama, Mystery",7588,53352,/yBnrKdexSdSldD6S8LaMgu1zAUm.jpg
Paranoia Agent,18,20,394,108,27.1,Original,13,MADHOUSE,2004-02-03,2004-05-18,"Drama, Mystery, Psychological, Supernatural, Thriller",323,9343,/cQ6YiBTUlsKGm2mWa7mE9eZnlS2.jpg
Eureka Seven,158,5,52,109,26.8,Original,74,bones,2005-04-17,2012-11-20,"Adventure, Drama, Mecha, Romance, Sci-Fi",237,889,/8UEQjulTcPpVJhHvNosbBi4Ufq4.jpg
Koi Kaze,183,1,42,110,26.5,Manga,13,A.C.G.T.,2004-04-01,2004-07-07,"Drama, Psychological, Romance, Slice of Life",634,42861,/91EOvXwhKkNh72eynkn46BsATqx.jpg
Pop Team Epic,183,1,42,110,26.5,Manga,14,Kamikaze Douga,2018-01-07,2019-04-01,Comedy,98549,76139,/krWQxK4i5CWvkNCiLJKrz4GsdY8.jpg
Tantei Opera Milky Holmes,242,2,28,110,26.5,Other,48,J.C. Staff,2010-10-07,2015-03-28,"Comedy, Mystery",7768,51492,/1tUE9wZXIurCa8ioPiLKsrT1pRC.jpg
Psycho-Pass,124,3,74,113,26.4,Original,41,Production I.G,2012-10-12,2019-12-13,"Action, Psychological, Sci-Fi, Thriller",13601,43865,/c48oUhxNb01uAnKhAbgM0dovLJg.jpg
Mob Psycho 100,46,16,217,114,26.3,Manga,25,bones,2016-07-12,2019-04-01,"Action, Comedy, Psychological, Slice of Life, Supernatural",21507,67075,/5Wf9Y6gucbu1LMe1FyqD8TQjaNM.jpg
Toradora,212,5,33,115,26.2,Light Novel,25,J.C. Staff,2008-10-02,2009-03-26,"Comedy, Drama, Romance, Slice of Life",4224,42916,/jgLSYTAgjQgwBqLEw1bgr8vNxeK.jpg
Gurren Lagann,33,18,274,116,25.7,Original,27,Gainax,2007-04-01,2007-09-30,"Action, Comedy, Drama, Mecha, Romance, Sci-Fi",2001,21729,/gH8W7855SNXTXgMOGhTHj9omXfc.jpg
Flowers of Evil,73,5,137,117,25.3,Manga,13,ZEXCS,2013-04-05,2013-06-29,"Drama, Psychological, Romance",16201,55006,/5P9YPFvwSlj73TH8t38jeOB9nWV.jpg
WataMote,137,6,64,118,25.2,Manga,12,SILVER LINK.,2013-07-09,2013-09-24,"Comedy, Slice of Life",16742,61755,/ykhZOdUjdpFuQZqnN4QVWlTjX6o.jpg
Kemonozume,79,9,126,119,25,Original,13,MADHOUSE,2006-08-05,2006-11-05,"Action, Horror, Romance, Supernatural",1454,38806,/7HXXQ0WUpvpM5S79OpbcSiXtUku.jpg
Sailor Moon,93,10,104,119,25,Manga,200,Toei Animation,1992-03-07,1997-02-08,"Action, Adventure, Fantasy, Mahou Shoujo, Romance",530,3570,/uDJrkdgddtzDlwNZw1Hy3HKiMy4.jpg
Nichijou,10,22,497,121,24.6,Manga,26,Kyoto Animation,2011-04-03,2011-09-25,"Comedy, Slice of Life",10165,44684,/qmi1VpOvPFRHg02fbLuc3pVrMbt.jpg
The Disastrous Life of Saiki K.,238,1,29,122,24.5,Manga,48,J.C. Staff,2016-07-04,2018-06-27,"Comedy, Slice of Life, Supernatural",112625,67676,/tpym31HVeQgenaubvCxkMF3kFHy.jpg
K-On!,13,21,449,123,24.1,Manga,35,Kyoto Animation,2009-04-03,2010-09-15,"Comedy, Music, Slice of Life",5680,42253,/70hf2538UAf7mzzNgvqTlWq6PDf.jpg
School-Live!,235,2,29,124,23.6,Manga,12,Lerche,2015-07-09,2015-09-24,"Horror, Mystery, Psychological, Slice of Life, Supernatural",20754,63495,/46C5g7zAN4KHfZQBaJamyWia8l0.jpg
Gundam G no Reconguista,259,1,25,125,23.5,Original,26,Sunrise,2014-10-02,2015-03-27,"Action, Mecha, Sci-Fi",20658,61414,/2dOUToA73fSsDJSMDFPeyIoGW0q.jpg
The Twelve Kingdoms,174,2,46,126,23.4,Light Novel,45,Studio Pierrot,2002-04-09,2003-08-30,"Action, Adventure, Fantasy, Supernatural",153,42729,/z9NsTwb101up3a4j9xgcCa8H02U.jpg
The Irresponsible Captain Tylor,185,1,41,127,22.4,Light Novel,35,Tatsunoko Production,1993-01-25,2017-09-26,"Adventure, Comedy, Sci-Fi",569,34189,/tmPKSHWBVIG2uBFDfMV1qdql8hV.jpg
Made in Abyss,30,18,297,128,22,Manga,13,Kinema Citrus,2017-07-07,2017-09-29,"Adventure, Drama, Fantasy, Horror, Mystery, Sci-Fi",97986,72636,/jLkCeh5xNCuQPHIbTfuLgSqt2OQ.jpg
Kaguya-sama: Love Is War,80,8,124,129,21.5,Manga,24,A-1 Pictures,2019-01-12,2020-06-27,"Comedy, Psychological, Romance, Slice of Life",101921,83121,/5khbC6AuNgnvnoDbjIMKCOhEtIc.jpg
Cardcaptor Sakura,116,6,81,129,21.5,Manga,92,MADHOUSE,1998-04-07,2018-06-10,"Adventure, Comedy, Drama, Fantasy, Mahou Shoujo, Romance",232,35790,/dj0uI34MOkZMTE233tfRebs0YYx.jpg
Yu Yu Hakusho,82,6,124,131,21.3,Manga,112,Studio Pierrot,1992-10-10,1994-12-17,"Action, Adventure, Comedy, Supernatural",392,30669,/qyqnXUsMSCWXL5vHLRhu6xiNdmK.jpg
Violet Evergarden,97,6,100,132,20.9,Light Novel,13,Kyoto Animation,2018-01-11,2018-04-05,"Drama, Fantasy, Slice of Life",21827,75214,/ImvHbM4GsJJykarnOzhtpG6ax6.jpg
Rurouni Kenshin,117,6,78,133,20.5,Manga,2,Studio Gallop,2001-01-16,2001-01-23,"Action, Adventure, Comedy, Romance",45,114753,/eMmKnh9abKu8kS1ytpkaZeThKMW.jpg
Terror in Resonance,179,4,42,133,20.5,Original,11,MAPPA,2014-07-11,2014-09-26,"Drama, Mystery, Psychological, Thriller",20661,61421,/nF24ODOd7PBKZ5riiJ0W7A8hjNZ.jpg
Spice and Wolf,127,5,70,135,20.4,Light Novel,25,Imagin,2008-01-08,2009-09-24,"Adventure, Fantasy, Romance",2966,26707,/sHTYKYt03rpVkYjof9VRtmKys6d.jpg
Boogiepop Phantom,99,6,99,136,20.1,Light Novel,12,MADHOUSE,2000-01-06,2000-03-23,"Drama, Horror, Mystery, Psychological, Supernatural",369,34152,/oldWjJaCGGyHjfh5aKKs4VKzXav.jpg
Chihayafuru,181,3,42,136,20.1,Manga,74,MADHOUSE,2011-10-05,2020-03-24,"Drama, Romance, Slice of Life, Sports",10800,45247,/rVZipy8jfpH4BUnnv6O5n0alNK1.jpg
Haikyuu!!,158,5,52,138,19.8,Manga,85,Production I.G,2014-04-06,2020-12-19,"Comedy, Drama, Sports",20464,60863,/pLpQZHVduTzJTOVNmWfppY9tk3W.jpg
Alien 9,189,5,38,138,19.8,Manga,46,J.C. Staff,2008-04-18,2010-03-26,"Drama, Horror, Psychological, Sci-Fi, Slice of Life",1177,6040,/pGhCUqPaXZ0Xp4dUCT7Q6hjJArf.jpg
Key the Metal Idol,208,1,35,138,19.8,Original,15,Studio Pierrot,1994-12-16,1995-03-24,"Action, Drama, Mecha, Music, Sci-Fi",1457,46599,/5EvWydT9cfVMTn0WLuNUkybNJmU.jpg
Space Dandy,106,9,92,141,19.6,Original,26,bones,2014-01-04,2014-09-28,"Comedy, Sci-Fi",20666,60874,/tR4Qthbo5CFxCL050AMxstzkYlC.jpg
Magical Circle Guru Guru,286,1,20,141,19.6,Manga,107,Nippon Animation,1994-10-13,2017-12-20,"Adventure, Comedy, Fantasy",331,36247,/31gIMFG891fq94mRWb4TusfR6GH.jpg
Rising of the Shield Hero,308,1,18,143,19.2,Light Novel,26,Kinema Citrus,2019-01-09,2019-06-26,"Action, Adventure, Fantasy",99263,83095,/6cXf5EDwVhsRv8GlBzUTVnWuk8Z.jpg
Chobits,186,3,39,144,18.8,Manga,26,MADHOUSE,2002-04-02,2002-09-24,"Comedy, Drama, Ecchi, Romance, Sci-Fi",59,37527,/qREebPjRrLjBoSGCP4v8Tz9OAOU.jpg
Mobile Suit Gundam: The Origin,268,1,23,145,18.6,Manga,13,Sunrise,2019-04-29,2019-08-12,"Action, Mecha, Sci-Fi",10937,88865,/kdt4G11wKDJBI8UFIFSxsm2PNb6.jpg
Sweet Blue Flowers,268,1,23,145,18.6,Manga,11,J.C. Staff,2009-07-02,2009-09-10,"Drama, Romance, Slice of Life",6164,34838,/eeuSpw47UmVYLgNFtsauAURxZLf.jpg
Tetsujin 28-Gou,268,1,23,145,18.6,Manga,,,,,"Mecha, Slice of Life",19445,,
Neon Genesis Evangelion,1,61,1374,148,18.1,Original,26,Gainax,1995-10-04,1996-03-27,"Action, Drama, Mecha, Mystery, Psychological, Sci-Fi",30,890,/y2ah9t0navXyIvoHg1uIbIHO3tt.jpg
Infinite Ryvius,172,3,46,148,18.1,Original,26,Sunrise,1999-10-10,2000-03-29,"Drama, Mecha, Psychological, Sci-Fi",593,42982,/2TrLTHpATruw722zD5osAVwyJL9.jpg
Ouran High School Host Club,158,5,52,150,17.6,Manga,26,bones,2006-04-05,2006-09-27,"Comedy, Drama, Romance, Slice of Life",853,1043,/30N2QvPvT0F4tTQk1A6qguL63yd.jpg
Little Women,301,1,19,150,17.6,Novel,26,Toei Animation,1981-04-07,1981-09-29,Slice of Life,4991,37526,/f1aJ4akWechaU1906PR8RAm1GXS.jpg
Haibane Renmei,12,23,459,152,17.5,Other,13,Radix,2002-10-09,2002-12-18,"Drama, Fantasy, Mystery, Psychological, Slice of Life",387,34164,/uSrIXnPIUkapk0JwMldDZTusl5O.jpg
Saint Seiya,190,3,38,153,16.9,Manga,114,Toei Animation,1986-10-11,1989-04-01,"Action, Adventure, Fantasy, Sci-Fi",1254,42444,/dhtiYYbob8saEUFWle3aWgVY28M.jpg
Macross,113,6,84,154,16.8,Original,36,Tatsunoko Production,1982-10-03,1983-06-26,"Action, Drama, Mecha, Music, Romance, Sci-Fi",1088,21734,/16tZIQgVJ4EcyrIvOfMWqE0tSOu.jpg
Parasyte -the maxim-,120,8,76,154,16.8,Manga,24,MADHOUSE,2014-10-09,2015-03-26,"Action, Drama, Horror, Psychological, Sci-Fi",20623,61459,/2ngHwPQhHGPpLkLQd2MTAI3iXPq.jpg
Shin Mazinger Z,277,1,22,156,16.1,Manga,26,Bee Media,2009-04-04,2009-09-26,"Action, Mecha",5485,36249,/4zaIJQm56idsSTvw0V2vbPumg7y.jpg
Hyouka,24,17,343,157,15.9,Light Novel,22,Kyoto Animation,2012-04-23,2012-09-17,"Mystery, Slice of Life",12189,65329,/dnYx8jtn2JzAMkVYRG9mFZMJoDc.jpg
Gunslinger Girl,192,2,38,158,15.8,Manga,26,MADHOUSE,2003-10-08,2008-03-31,"Action, Drama, Psychological, Sci-Fi",134,31731,/2tr9uJuGdMFzWfXF2tVZvpVaRXe.jpg
Wolf's Rain,258,2,25,159,15.2,Original,30,bones,2003-01-07,2004-01-25,"Action, Adventure, Drama, Fantasy, Mystery, Sci-Fi",202,34801,/9FPi11HMGhrZs07IV2YkedoXJFm.jpg
The Big O,204,4,35,160,15.1,Original,26,Sunrise,1999-10-13,2003-03-27,"Action, Mecha, Mystery, Psychological, Sci-Fi",567,18241,/AsL5J7k9diSxQcxwNEYJSKqtRCS.jpg
Humanity Has Declined,95,5,102,161,14.9,Light Novel,12,AIC A.S.T.A.,2012-07-02,2012-09-17,"Comedy, Fantasy, Sci-Fi",10357,53356,/g52KI6mJOmPKek3Lqtqfc42ARSG.jpg
Showa Genroku Rakugo Shinju,103,5,97,162,14.8,Manga,25,Studio DEEN,2016-01-09,2017-03-25,Drama,20972,66862,/9BW5x9sxzVAOpjhCQCr0rObESDy.jpg
The Promised Neverland,179,4,42,163,14.7,Manga,23,CloverWorks,2019-01-11,2021-03-26,"Drama, Fantasy, Horror, Mystery, Psychological, Thriller",101759,83097,/oBgRCpAbtMpk1v8wfdsIph7lPQE.jpg
Ranma 1/2,242,2,28,163,14.7,Manga,161,Studio DEEN,1989-04-15,1992-09-25,"Action, Comedy, Ecchi, Romance, Slice of Life",210,57706,/9E9Jq2tL2IiJFZJofM3kSJxVqWr.jpg
Record of Lodoss War,315,2,17,163,14.7,Other,13,MADHOUSE,1990-06-30,1991-11-20,"Action, Adventure, Fantasy, Supernatural",207,42713,/4DmzoxYfS4A1eFA35QIEJCvZE4D.jpg
Fantastic Children,132,2,66,166,14.4,Original,26,Nippon Animation,2004-10-04,2005-03-28,"Adventure, Fantasy, Mystery, Romance, Sci-Fi",455,34699,/f1HH3HPYXSvlYnaw141l0nR4tiv.jpg
Gunbuster,76,10,128,167,14.3,Original,12,Gainax,1988-10-07,2006-08-25,"Action, Comedy, Drama, Mecha, Sci-Fi",949,66931,/4WzCDZT7G2QMvF8JxxlYTG85hSp.jpg
Fist of the North Star,323,2,16,168,14.2,Manga,152,Toei Animation,1984-10-11,1988-02-18,"Action, Drama, Sci-Fi",967,56387,/yypGXmBPvyJiD7pOeD2R3q84FlA.jpg
Vinland Saga,150,3,58,169,14.1,Manga,24,Wit Studio,2019-07-08,2019-12-30,"Action, Adventure, Drama",101348,88803,/vUHlpA5c1NXkds59reY3HMb4Abs.jpg
Shigurui,340,1,13,170,13.9,Manga,12,MADHOUSE,2007-07-19,2007-10-11,"Action, Drama",2216,34144,/me1yCtPZAC6kEW1IGWW7XxJASCt.jpg
Bokurano,283,1,21,171,13.7,Manga,24,GONZO,2007-04-08,2007-09-27,"Drama, Mecha, Psychological, Sci-Fi",1690,34765,/AsySHpvkFGO7mTcQ8jlWQKNCGBx.jpg
Hulaing Babies,317,1,17,172,13.5,Original,12,Gaina,2019-01-11,2019-03-29,"Comedy, Slice of Life",102928,83455,/siquCWXALdwCJO5BokDy5WsdoiI.jpg
Sabu & Ichi's Arrest Warrant,136,2,65,173,13.4,Manga,2,Toei Animation,1968-10-03,1969-09-24,"Action, Adventure, Drama",5997,34217,/tVX4tqAETmJrdrsALa0eZgiLRGk.jpg
Kids on the Slope,151,6,57,174,13.3,Manga,12,MAPPA,2012-04-13,2012-06-29,"Drama, Music, Romance, Slice of Life",12531,42557,/dFwBvUhtV8ynSLaSXfRUYInlTFk.jpg
Le Portrait de Petite Cosette,156,2,55,175,13.2,Original,3,Daume,2004-04-11,2004-12-12,"Drama, Horror, Psychological, Romance, Supernatural",514,73501,/o216dynsE8s4CVF8MvwmUPwIE0E.jpg
Casshern Sins,81,7,124,176,13.1,Other,24,MADHOUSE,2008-10-01,2009-03-15,"Action, Adventure, Drama, Psychological, Sci-Fi",4981,31730,/sZWVvD5UNQTwhrO8HA3SELfZm7E.jpg
Panty & Stocking With Garterbelt,127,5,70,177,12.9,Original,28,Gainax,2010-10-02,2010-12-25,"Action, Comedy, Ecchi, Supernatural",8795,42421,/620mZ7Lo8B1681F2ts4HeBIkLRz.jpg
Bloom Into You,142,4,63,178,12.8,Manga,13,TROYCA,2018-10-05,2018-12-28,"Drama, Romance, Slice of Life",101573,82861,/iZNfwA4kbHwPRUzwIX9EVCTcUhS.jpg
Darker than Black,227,3,30,178,12.8,Original,37,bones,2007-04-06,2009-12-25,"Action, Mystery, Sci-Fi",2025,31718,/iyxodUUXaeLk0N0siDWHA7rbURk.jpg
Eden of the East,162,3,52,180,12.7,Original,11,Production I.G,2009-04-09,2009-06-19,"Action, Adventure, Drama, Mystery, Psychological, Romance, Sci-Fi, Thriller",5630,21750,/iit1Yfsv2Q2VyjkDkbygxrQd8WG.jpg
Chibi Maruko-chan,178,2,43,181,12.6,Manga,801,Nippon Animation,1990-01-07,1992-09-13,"Comedy, Slice of Life",951,57775,/5Ta4wnZPzOf4oCEgpBfmvXWhYwJ.jpg
Barakamon,186,3,39,181,12.6,Manga,12,Kinema Citrus,2014-07-05,2014-09-27,"Comedy, Slice of Life",20722,67048,/wH5500OtgEHVNs606APuvL5iZ5z.jpg
No Game No Life,218,2,32,181,12.6,Light Novel,12,MADHOUSE,2014-04-09,2014-06-25,"Adventure, Comedy, Ecchi, Fantasy",19815,60808,/qpKGtHATF326zuC1jh7WCrY7u5g.jpg
Serial Experiments Lain,2,49,1112,184,12.4,Original,13,Triangle Staff,1998-07-06,1998-09-28,"Drama, Mystery, Psychological, Sci-Fi, Supernatural",339,1087,/ej3tcxv2YYVWy6WoOeWZTcrkiI8.jpg
The Tatami Galaxy,6,29,657,184,12.4,Novel,11,MADHOUSE,2010-04-23,2010-07-02,"Comedy, Mystery, Psychological, Romance",7785,36243,/3Ngmk2kNh6JTdqPwMdiZvDSdlGH.jpg
Steins;Gate,16,25,431,184,12.4,Visual Novel,24,White Fox,2011-04-06,2011-09-14,"Drama, Psychological, Sci-Fi, Thriller",9253,42509,/6iysgZr6Upm5RlAlVFo5f4D9euu.jpg
Naruto,190,3,38,184,12.4,Manga,213,Studio Pierrot,2017-04-05,2021-08-01,"Action, Comedy",20,70881,/e0B6i48kxdRkMcK4tR4YNfXGWOc.jpg
Cowboy Bebop,3,46,978,188,12.3,Original,26,Sunrise,1998-04-03,1999-04-24,"Action, Adventure, Drama, Sci-Fi",1,30991,/xDiXDfZwC6XYC6fxHI1jl3A3Ill.jpg
Little Witch Academia,107,6,92,188,12.3,Original,25,Trigger,2017-01-09,2017-06-26,"Adventure, Comedy, Fantasy",14349,69293,/dIeb4SEjkgaIrS1Vrvie8KUIDa0.jpg
Guilty Crown,193,1,38,188,12.3,Original,22,Production I.G,2011-10-13,2012-03-22,"Action, Drama, Mecha, Psychological, Romance, Sci-Fi",10793,43125,/oLhuiKf6hSjfgejoVT9Tlv8BblY.jpg
Aggretsuko,307,3,18,188,12.3,Original,30,Fanworks,2018-04-20,2020-08-27,"Comedy, Music, Slice of Life",101571,78941,/gJ737LXVzdHyDA46MeKXh3iorMV.jpg
Bleach,241,3,28,192,12.2,Manga,1,Studio Pierrot,,,"Action, Adventure, Supernatural",269,100645,/l8P5lgwxwnMueUOr6PsHc98jtL4.jpg
Revolutionary Girl Utena,5,30,708,193,12.1,Original,39,J.C. Staff,1997-04-02,1997-12-24,"Drama, Fantasy, Mystery, Psychological, Romance",440,1042,/bnWxRJHWbYcAGq9HWWuKCwm7I5X.jpg
Erased,315,2,17,194,12,Manga,7,A-1 Pictures,2019-11-08,2019-12-20,"Drama, Mystery, Psychological, Supernatural, Thriller",21234,95124,/6OkogyOFrWlOnjFyTnlP0fWeCto.jpg
Bludgeoning Angel Dokuro-chan,333,1,14,195,11.9,Light Novel,10,Hal Film Maker,2005-03-13,2007-08-11,"Comedy, Ecchi",357,42870,/hJOKiT6BCfmiP1qpnJj0oy3b3lD.jpg
Nodame Cantabile,206,2,35,196,11.8,Manga,45,J.C. Staff,2007-01-11,2010-03-26,"Comedy, Drama, Music, Romance, Slice of Life",1698,45527,/cMhcTPgU2493A3akpBXbzDO0dxl.jpg
Patalliro!,365,1,10,196,11.8,Manga,26,Toei Animation,2005-06-06,2005-11-29,"Adventure, Comedy, Romance",2835,27347,/xsxt3VrfCKXIyR4YY3y3O1usf5v.jpg
KonoSuba,209,2,34,198,11.7,Light Novel,20,Studio DEEN,2016-01-14,2017-03-16,"Adventure, Comedy, Fantasy",21202,65844,/oRaOeQlwktbGSd2T31FYAcgHZlh.jpg
Brain Powerd,286,1,20,199,11.5,Original,26,Sunrise,1998-04-08,1998-11-11,"Action, Adventure, Mecha, Sci-Fi",1542,20112,/dGBQVJch6BrEG3LOnWvR0qjgJ2A.jpg
Hinamatsuri,286,1,20,199,11.5,Manga,12,feel.,2018-04-06,2018-06-22,"Comedy, Sci-Fi, Slice of Life, Supernatural",100077,76758,/1RLXQqX3Lv50uBECZIzuqGW887t.jpg
The Melancholy of Haruhi Suzumiya,23,23,349,201,11.2,Light Novel,28,Kyoto Animation,2006-04-03,2009-09-11,"Comedy, Mystery, Sci-Fi, Slice of Life, Supernatural",849,42511,/5rbehM5zkF8xlLce4F9kJZWhqmU.jpg
Detroit Metal City,123,3,75,202,11,Manga,12,Studio 4°C,2008-08-08,2008-08-08,"Comedy, Music",3702,43066,/kWPhuRsUdJWskvNUd1aCndjFZIl.jpg
Star Driver,122,4,75,203,10.9,Original,25,bones,2010-10-03,2011-04-03,"Action, Mecha",8934,37101,/hKoizA27ASM5mBaeKgD2PgScbEm.jpg
When They Cry,199,4,36,203,10.9,Visual Novel,48,Studio DEEN,2020-10-01,2021-08-05,"Horror, Mystery, Psychological, Supernatural, Thriller",934,100988,/3NiRdFXb9xz7ZFgmZ0RmoWjkTvz.jpg
Lupin the Third: The Woman Called Fujiko Mine,69,5,141,205,10.6,Manga,13,TMS Entertainment,2012-04-05,2012-06-28,"Action, Adventure, Comedy, Drama, Ecchi, Psychological, Thriller",13203,45860,/c1i6k29vViZrRCdcISthoEg5N3s.jpg
Kimi no Todoke,355,2,11,205,10.6,Manga,37,Production I.G,2009-10-07,2011-03-30,"Comedy, Drama, Romance, Slice of Life",6045,68854,/2XZ0Ofg1ZUZMFrbyWJuakSJAKZz.jpg
Yokohama Shopping Log,165,3,50,207,10.5,Manga,4,Ajiado,1998-05-21,2003-03-05,"Sci-Fi, Slice of Life",975,79287,/azF6l6CaVSmPFSm7u9yEaqlhfXS.jpg
Death Parade,133,5,65,208,9.8,Original,12,MADHOUSE,2015-01-10,2015-03-28,"Drama, Mystery, Psychological, Supernatural, Thriller",20931,61901,/qeD9wDenN7CPA99FScSErJCvcWb.jpg
Golden Time,196,1,37,209,9.7,Original,24,,2013-10-03,2014-03-27,"Comedy, Fantasy",102755,67389,/qp4eHCZMR14dtubvzr67PZqH5fa.jpg
Hayate the Combat Butler,196,1,37,209,9.7,Manga,102,SynergySP,2007-04-01,2013-07-01,"Action, Comedy, Romance",2026,56355,/257dUYlovXHuFaA1Tn2oAOoLENF.jpg
"She, The Ultimate Weapon",196,1,37,209,9.7,Manga,13,GONZO,2002-07-02,2002-09-24,"Drama, Romance, Sci-Fi",529,34771,/hScmm5ToLt0v0b8Yb0e7IboEyUd.jpg
RahXephon,230,2,30,209,9.7,Original,26,bones,2002-01-21,2002-09-10,"Drama, Mecha, Music, Mystery, Psychological, Romance, Sci-Fi",165,13375,/ngBOoMd6lCtT6M4UsmhW4ZCg4lq.jpg
Doraemon,328,1,15,209,9.7,Manga,879,,2005-04-22,2019-04-26,,501,65733,/pXG8Exsmd50bq2Qx2RzByumgwqK.jpg
Hikaru no Go,218,2,32,214,9.5,Manga,75,Studio Pierrot,2001-10-10,2003-03-26,"Comedy, Sports, Supernatural",135,30982,/qrk2w3qchJmmNIxPNs9I6PYfcWn.jpg
Dororo and Hyakkimaru,252,1,26,214,9.5,Manga,26,Mushi Productions,1969-04-06,1969-09-28,"Action, Adventure, Supernatural",5760,21298,/kFFRiNaQJub24cgiNmDfLjZj9oT.jpg
Assassination Classroom,153,3,55,216,9.4,Manga,47,Lerche,2015-01-10,2016-07-01,"Action, Comedy, Drama, Supernatural",20755,62110,/wOd98jDHkoWy2LZ4gSy67X1ihv1.jpg
To My Brother...,161,4,52,216,9.4,Manga,39,Tezuka Productions,1991-07-14,1992-05-17,"Drama, Psychological",795,36588,/uj4w3dFkoI0e3o3JVONyZScICop.jpg
Dirty Pair (1985),301,1,19,216,9.4,Light Novel,,Sunrise,,,"Action, Adventure, Comedy, Sci-Fi",4200,,
S-cry-ed,392,1,7,219,9.2,Original,26,Sunrise,2001-07-04,2005-12-26,"Action, Adventure, Sci-Fi",168,42676,/qjTNWCwl1fZuYjkJMHg4kYNUpPF.jpg
Full Metal Panic? Fumoffu,227,3,30,220,8.9,Light Novel,12,Kyoto Animation,2003-08-26,2003-11-18,"Action, Comedy, Romance",72,68184,/tSJbYU643iD2VqkPw04vWbvYwBk.jpg
Durarara!!,133,5,65,221,8.8,Light Novel,60,Brain's Base,2010-01-08,2016-03-26,"Action, Mystery, Supernatural",6746,42410,/ePTyPLVtMZdyPnU0KwFjrVCSQmI.jpg
Irresponsible Captain Tylor,222,1,31,222,8.7,Light Novel,35,Tatsunoko Production,1993-01-25,2017-09-26,"Adventure, Comedy, Sci-Fi",569,34189,/tmPKSHWBVIG2uBFDfMV1qdql8hV.jpg
Zombieland Saga,295,4,19,222,8.7,Original,24,MAPPA,2018-10-04,2021-06-24,"Comedy, Music, Supernatural",103871,82822,/vSaonGCXOtC8RmqR3e5L8f4lAdI.jpg
Detective Conan,355,2,11,222,8.7,Manga,1058,TMS Entertainment,1996-01-08,2021-07-31,"Adventure, Comedy, Mystery, Psychological",235,30983,/9ve6LW4ltMMpp9WjoR4MGViOp9V.jpg
Gutsy Frog,146,2,60,225,8.6,Manga,22,,1972-10-07,1973-03-03,,5618,45356,/tINZLA1slqie76LvFDrVR7kMB0E.jpg
FLCL,4,37,785,226,8.5,Original,6,Gainax,2003-05-05,2003-05-13,"Action, Comedy, Mecha, Sci-Fi",227,5895,/FkgA8CcmiLJGVCRYRQ2g2UfVtF.jpg
Cromartie High School,153,3,55,227,8.3,Manga,26,Production I.G,2003-10-02,2004-03-26,Comedy,114,12260,/fap9ADMD1xVnz62rmnQerxzmFoy.jpg
Monthly Girls' Nozaki-kun,392,1,7,227,8.3,Manga,12,Doga Kobo,2014-07-07,2014-09-22,"Comedy, Romance, Slice of Life",20668,61379,/maPv22inKIcyfOCil3wrWiyJ7gC.jpg
Blue Gender,402,1,6,227,8.3,Original,26,AIC,1999-10-08,2000-03-31,"Adventure, Drama, Horror, Mecha, Psychological, Romance, Sci-Fi",58,19855,/e1fkIjgSiFvW3edqtG9sSaurcFI.jpg
Yakitate!! Japan,333,1,14,230,8,Manga,69,Sunrise,2004-10-12,2006-03-14,Comedy,28,46350,/jhx00b722ORMUsUvInJ7ykjsW1U.jpg
Pokémon,412,1,5,231,7.9,Video Game,1197,OLM,1997-04-01,2021-07-30,"Adventure, Comedy, Fantasy",527,60572,/rOuGm07PxBhEsK9TaGPRQVJQm1X.jpg
There She Is!!,365,1,10,232,7.8,Original,0,,,,,6505,32260,
Gantz,412,1,5,232,7.8,Manga,24,GONZO,2004-04-13,2004-11-18,"Action, Drama, Ecchi, Horror, Psychological, Sci-Fi, Supernatural",384,11279,/spyDQ1Cv8m4L8EaXS6iXSpbLWA.jpg
Chrono Crusade,202,1,36,234,7.6,Manga,24,GONZO,2003-11-24,2004-06-09,"Action, Romance, Supernatural",60,34061,/v2DDGnv9kElP7ECd4j6jsLxEDSb.jpg
Concrete Revolutio,202,1,36,234,7.6,Original,24,bones,2015-10-04,2016-06-19,"Action, Drama, Fantasy, Mystery, Sci-Fi, Supernatural",21249,65932,/nxem8mWfpT1LD7GZ1wKEKRDlLqp.jpg
Welcome to the NHK,15,26,440,236,7.5,Light Novel,24,GONZO,2006-07-09,2006-12-17,"Comedy, Drama, Psychological, Romance, Slice of Life",1210,42821,/m6OCDukPsKLWGcUktsnd3xtE0vT.jpg
Sound of the Sky,125,4,73,236,7.5,Original,12,A-1 Pictures,2010-01-05,2010-03-23,"Comedy, Music, Sci-Fi, Slice of Life",6802,35461,/oKOo4isaMNYgTdj1Yfm7kMM5qjf.jpg
Pingu in the City,421,1,4,238,7.2,Other,37,Dandelion Animation Studio,2017-10-07,2018-12-15,"Comedy, Slice of Life",99994,74381,/8I402IFZiiYVUkgm70BxitzJMPg.jpg
Slam Dunk,206,2,35,239,7.1,Manga,101,Toei Animation,1993-10-16,1996-03-23,"Comedy, Drama, Slice of Life, Sports",170,42573,/65Xo6gKpREqXpzliLx9PYqSQ4O.jpg
New Game!,240,4,28,239,7.1,Manga,24,Doga Kobo,2016-07-04,2017-09-26,"Comedy, Slice of Life",21455,67012,/tga2LXkZR9gr9MajpYpeWgCLGt2.jpg
My Teen Romantic Comedy SNAFU,143,4,61,241,7,Light Novel,38,Brain's Base,2013-04-05,2020-09-25,"Comedy, Drama, Romance, Slice of Life",14813,65676,/8knvr1LbnPD8SZjZlkD3cOt3TYu.jpg
One Piece,402,1,6,242,6.9,Manga,988,Toei Animation,1999-10-20,2021-08-01,"Action, Adventure, Comedy, Drama, Fantasy",21,37854,/4I1xjEKZxeeBT8RXg0BA6k6PM8e.jpg
Ping Pong the Animation,7,28,566,243,6.8,Manga,11,Tatsunoko Production,2014-04-11,2014-06-20,"Drama, Psychological, Sports",20607,60811,/frgVn3ww547TVQH8vS2bWKZnEBu.jpg
Puella Magi Madoka Magica,14,28,443,244,6.6,Original,12,Shaft,2011-01-07,2011-04-22,"Action, Drama, Fantasy, Mahou Shoujo, Psychological, Thriller",9756,39218,/48GLvRh3lgh5gjl0uVen60bslRM.jpg
Kemono Friends,383,2,8,244,6.6,Video Game,24,Yaoyorozu,2017-01-11,2019-03-17,"Adventure, Comedy, Fantasy",87496,69288,/2TQq8uiRob7nboF7UBVKBach88N.jpg
Mobile Suit Gundam Seed,373,1,9,246,6.5,Original,100,Sunrise,2002-10-05,2005-12-25,"Action, Drama, Mecha, Sci-Fi",93,20111,/t2PKIjlaJhNLm0pxShQyYftF4XL.jpg
Hellsing,433,1,3,246,6.5,Manga,13,GONZO,2001-10-10,2002-01-16,"Action, Horror, Supernatural",270,16830,/xA3wsLJzj6XnvuryerPBPwoQodH.jpg
Angel Beats,168,3,48,248,6.4,Original,13,P.A. Works,2010-04-03,2010-06-25,"Action, Comedy, Drama, Supernatural",6547,42942,/d7j2KtAh88wEcQCIVQ7SKz2T5So.jpg
Akagi,186,3,39,249,6.2,Manga,26,MADHOUSE,2005-10-05,2006-03-29,"Psychological, Sports, Thriller",658,42877,/1wbTH3sWR6GVbgPDz6LQV1eYnEW.jpg
Victory Gundam,317,1,17,249,6.2,Original,51,Sunrise,1993-04-02,1994-03-25,"Drama, Mecha, Sci-Fi",89,25797,/ngJKlvmwnrS6KxYZPwwPRktvPBL.jpg
Elfen Lied,233,5,29,251,6,Manga,13,Arms,2004-07-25,2004-10-17,"Action, Drama, Ecchi, Horror, Psychological, Romance, Supernatural",226,42671,/1Qaei4Vst8i0DfzdqhOJJHc5JAY.jpg
Moribito: Guardian of the Spirit,131,3,67,252,5.9,Novel,26,Production I.G,2007-04-07,2007-09-29,"Action, Adventure, Fantasy",1827,42830,/zIxIBlI30sbziW1zkqvCHJAWA6L.jpg
Strawberry Marshmallow,251,2,26,252,5.9,Manga,12,Daume,2005-07-15,2005-10-14,"Comedy, Slice of Life",488,35730,/pcb6GPHQGWQNCbL338TOOlnmTrI.jpg
Macross Plus,262,3,24,252,5.9,Original,4,Triangle Staff,1994-08-25,1995-06-25,"Action, Drama, Mecha, Music, Romance, Sci-Fi",474,21733,/tiGA38Um3IqBbyylUwy8iqAzFto.jpg
Bubblegum Crisis Tokyo 2040,443,1,2,252,5.9,Original,26,AIC,1998-10-08,2000-07-26,"Action, Adventure, Mecha, Sci-Fi",568,9542,/iNeRVNxxsLJDYLNG2L0QlBNqOwL.jpg
Parappa The Rapper,443,1,2,256,5.7,Video Game,30,J.C. Staff,2001-04-14,2002-01-11,"Comedy, Fantasy, Slice of Life",3736,5743,/5AvRAwD1ehm0NiXNMAiRjgNUO6O.jpg
Bakuman,443,1,2,256,5.7,Manga,75,J.C. Staff,2010-10-02,2013-03-30,"Comedy, Drama, Romance",7674,36041,/o40Xwa26gO6iqcu86Shs7jStQC6.jpg
Dragon Ball GT,443,1,2,258,5.6,Manga,64,Toei Animation,1996-02-07,1997-11-19,"Action, Adventure, Comedy, Fantasy, Sci-Fi",225,12697,/rLHhDpv6rrhuzBjNzaMRNv2fng.jpg
Re:Zero,274,3,22,259,5.5,Light Novel,50,White Fox,2016-04-04,2021-03-24,"Action, Adventure, Drama, Fantasy, Psychological, Romance, Thriller",21355,65942,/5MrRCj7z92YLWMXHeWKp19eJPYv.jpg
NieA_7,331,2,14,259,5.5,Manga,13,Triangle Staff,2000-04-26,2000-07-19,"Comedy, Sci-Fi, Slice of Life",800,28223,/aINB40Si5rIXVGn8swwtiFM9j0r.jpg
Paniponi Dash!,165,3,50,261,5.4,Manga,26,Shaft,2005-07-03,2005-12-25,Comedy,490,89086,/nyUX2IVUzvzAPfDRSMIRTUS57Da.jpg
Dragon Ball Z Kai,385,1,8,261,5.4,Manga,158,Toei Animation,2009-04-05,2015-06-28,"Action, Adventure, Comedy",6033,61709,/ykl67ghR2ug6KGFH3CQcI01pzQJ.jpg
Kiznaiver,385,1,8,261,5.4,Original,12,Trigger,2016-04-09,2016-06-25,"Drama, Romance, Sci-Fi",21421,65950,/2CWwdv8rO06DUx0VKfhrGpYAAfd.jpg
Kodocha,347,1,12,264,5.3,Manga,102,Studio Gallop,1996-04-05,1998-03-27,"Comedy, Drama, Romance",1486,25722,/7rfnSYLG7QkwJg5kbGPaJE6USVy.jpg
Diebuster,139,3,64,265,5.2,Original,12,Gainax,1988-10-07,2006-08-25,"Action, Comedy, Mecha, Sci-Fi",1002,66931,/4WzCDZT7G2QMvF8JxxlYTG85hSp.jpg
Gabriel Dropout,296,2,19,266,4.9,Manga,12,Doga Kobo,2017-01-09,2017-03-27,"Comedy, Slice of Life, Supernatural",21878,69285,/dS5dut05RFNi3fOCn6iO31Eag9x.jpg
Dragon Ball Super,458,1,1,266,4.9,Manga,131,Toei Animation,2015-07-05,2018-03-25,"Action, Adventure, Comedy",21175,62715,/kbhu0tIv5E1PbAw2YPjrhoQ7I1s.jpg
Show By Rock!!,458,1,1,266,4.9,Video Game,24,bones,2015-04-05,2016-12-18,"Comedy, Music",20843,65036,/mNruuU5nlxzf5XG0jfsJkWg94Ow.jpg
Treasure Island,148,2,59,269,4.7,Other,26,MADHOUSE,1993-09-10,1995-06-27,"Adventure, Drama, Mystery",2618,13264,/dxwlU0wUwYvZc4ZKtYTzqz6ibsY.jpg
Girls Bravo,373,1,9,269,4.7,Manga,24,AIC Spirits,2004-07-05,2005-04-21,"Comedy, Ecchi, Romance",241,34793,/7oi1AruNAkgzKRn47muIP6Bq8iK.jpg
Shiki,138,4,64,271,4.6,Other,22,Daume,2010-07-09,2010-12-31,"Horror, Mystery, Supernatural, Thriller",7724,36581,/zsWbTnNwNjqWvgZ9gqTcK9WLoWy.jpg
Mad Bull 34,211,1,34,271,4.6,Manga,4,Magic Bus,1990-12-21,1992-08-21,"Action, Comedy",3448,45287,/iCODvgGuDDZW0ee8i44wyVg8h0p.jpg
Fate/Stay Night: Unlimited Blade Works,296,2,19,273,4.5,Visual Novel,25,ufotable,2014-10-12,2015-06-28,"Action, Fantasy, Supernatural",19603,61415,/mZfLRVb51S0M51JDMp4i3bW6nzX.jpg
Mysterious Girlfriend X,391,2,7,273,4.5,Manga,13,Hoods Entertainment,2012-04-08,2012-07-01,"Ecchi, Mystery, Romance",12467,42556,/hGkEGe250iefHrfnTGWijRW9pnJ.jpg
Digimon Adventure,327,2,15,275,4.4,Original,60,Toei Animation,2020-04-05,2021-08-01,"Action, Adventure, Fantasy",552,98034,/7Qspx2eFX0uBSQLLlAKnYrjZgse.jpg
Golden Boy,153,3,55,276,4.3,Manga,6,APPP,1995-10-27,1996-06-28,"Adventure, Comedy, Ecchi",268,34105,/fx2DqPaW5OwFTBgS4nbTuCxdYFj.jpg
Slayers,200,2,36,277,4.2,Light Novel,104,E&G Films,1995-04-07,2009-04-06,"Adventure, Comedy, Fantasy",534,26318,/3iTxwvaEOyxogd2hAu1wPb8Dd0P.jpg
Lady Georgie,357,1,11,277,4.2,Manga,45,Tokyo Movie Shinsha,1983-04-09,1984-02-25,"Drama, Romance",2542,36664,/nAyOUoBTavtCOTxn4hBp84twETZ.jpg
SoulTaker,182,2,42,279,3.9,Original,13,Tatsunoko Production,2001-04-04,2001-07-04,"Horror, Supernatural",1048,8654,/7iRdBPcSOO3gcdl5vKvdvjEGoVN.jpg
Wave! Listen to Me,328,1,15,279,3.9,Manga,12,Sunrise,2020-04-04,2020-06-20,"Comedy, Drama, Romance",112353,94405,/g2wTROLPbCCX1ekBItjTmotfpYy.jpg
Armored Trooper VOTOMS,328,1,15,279,3.9,Original,52,Sunrise,1983-04-01,1984-03-23,"Action, Drama, Mecha, Mystery, Romance, Sci-Fi",2582,32377,/hYv6w515vwe3IowcvbPrk4R6ckl.jpg
Beastars,421,1,4,279,3.9,Manga,24,Orange,2019-10-10,2021-03-25,"Drama, Mystery, Psychological, Romance, Slice of Life",107660,90937,/zKEFedE4KEUWdfPvjVC9G1VyEoK.jpg
The Eccentric Family,126,3,71,283,3.8,Other,25,P.A. Works,2013-07-07,2017-06-25,"Comedy, Drama, Fantasy, Slice of Life, Supernatural",17909,61338,/jDq0Q9OoeFOqJGCaV9sdn1cmJNy.jpg
ef,204,4,35,283,3.8,Visual Novel,24,Shaft,2007-10-06,2008-12-22,"Drama, Mystery, Psychological, Romance, Supernatural",4789,27866,/AoxyuMX7gQqw2tdbTYaMIO6HMZ1.jpg
Maison Ikkoku,144,3,61,285,3.6,Manga,96,Studio DEEN,1986-03-26,1988-03-02,"Comedy, Drama, Romance, Slice of Life",1453,43018,/6jN5iROb8bwm8RSjeKw4OXh93Xo.jpg
Asobi Asobase,214,1,33,285,3.6,Manga,12,Lerche,2018-07-08,2018-09-23,"Comedy, Slice of Life",101001,80539,/zWE3bnCILcRpfQCsxBkMsgcEjOE.jpg
Toward The Terra,214,1,33,285,3.6,Manga,24,Minami Machi Bugyousho,2007-04-07,2007-09-22,"Action, Drama, Sci-Fi",2158,30237,/2OHjXW2DLY13eGqGif0ZBHnIWqO.jpg
Adventure of Gamba,214,1,33,285,3.6,,26,,1975-04-07,1975-09-29,Adventure,20175,67412,/32B8nGeByyZjSfdZfwnLBRXcwUR.jpg
Wonder Egg Priority,235,2,29,289,3.5,Original,12,CloverWorks,2021-01-13,2021-03-31,"Action, Drama, Fantasy, Mystery, Psychological, Sci-Fi, Thriller",124845,111255,/7Ief4J2hkBuaKxUzy9fMqUoh9BY.jpg
Citrus,443,1,2,289,3.5,Manga,12,Passione,2018-01-06,2018-03-24,"Drama, Romance",97832,76063,/1h6v8gS1vKybZciqpNWeV5MFQNb.jpg
Sketchbook,209,2,34,291,3.3,Manga,13,Hal Film Maker,2007-10-02,2007-12-25,"Comedy, Slice of Life",2942,72249,/thUCyc63onPYj6baWXOsFUf8b17.jpg
Megalobox,285,2,20,292,3.2,Original,26,TMS Entertainment,2018-04-06,2021-06-27,"Action, Drama, Sci-Fi, Sports",100298,77939,/mfXCEFdiMMWEUCGcCbdEo7bfhKK.jpg
Bubblegum Crisis,172,3,46,293,3.1,Original,8,AIC,1987-02-25,1991-01-30,"Action, Mecha, Sci-Fi",1347,42882,/2k4vwUKRiXoz2ZSqG87NMlVCl0F.jpg
Kokoro Connect,234,3,29,293,3.1,Light Novel,13,SILVER LINK.,2012-07-08,2012-09-30,"Drama, Romance, Slice of Life, Supernatural",11887,45807,/kzPbvHs9qISUPSQUbqnLdaiJh8E.jpg
Outlaw Star,275,2,22,293,3.1,Manga,26,Sunrise,1998-01-08,2001-02-16,"Action, Adventure, Comedy, Sci-Fi",400,35106,/9KZZmrsHuIHyIlrd7fgwsHvMi4e.jpg
Tamayura,296,2,19,293,3.1,Original,24,Hal Film Maker,2011-10-03,2013-09-18,"Comedy, Slice of Life",9055,45088,/nvZUtQOb2DDry4G5UOH6sNGCtGA.jpg
Buso Renkin,392,1,7,293,3.1,Manga,26,Xebec,2006-10-04,2007-03-28,"Action, Comedy, Fantasy, Supernatural",1536,31575,/3H72ZhGy16KVLtiqQS4TOiHONJH.jpg
"Love, Chunibyo & Other Delusions!",227,3,30,298,2.9,Light Novel,24,Kyoto Animation,2012-10-04,2014-03-26,"Comedy, Drama, Romance, Slice of Life",14741,45501,/1IapEqydEiGO0gCgBPVexTFbUCS.jpg
Akazukin Chacha,331,2,14,298,2.9,Manga,77,Studio Gallop,1994-01-07,1995-06-30,"Adventure, Comedy, Fantasy, Mahou Shoujo, Romance",103,34179,/lxrI7Us1cksuDCK0TapvdQaS5ac.jpg
After the Rain,354,3,11,298,2.9,Manga,12,Wit Studio,2018-01-12,2018-03-30,"Drama, Romance, Slice of Life",98385,75777,/pdx9MeBXnPwp7vnZBco7GUXaGaV.jpg
Soul Eater,412,1,5,298,2.9,Manga,51,bones,2008-04-07,2009-03-30,"Action, Adventure, Comedy, Fantasy",3588,37305,/hI5AhxFTSFabTG7Fvhczyb5ZIh8.jpg
3000 Leagues in Search of Mother,220,1,32,302,2.8,Novel,52,Nippon Animation,1976-01-04,1976-12-26,"Adventure, Drama",1663,8962,/cNyYHaHxOytT7DFbVhRrHpkqlst.jpg
Marmalade boy,373,1,9,302,2.8,Manga,76,Toei Animation,1994-03-13,1995-09-03,"Comedy, Drama, Romance, Slice of Life",334,35507,/ebque9KJDaEtuSNkrc9qQfYVIhW.jpg
The Hakkenden,373,1,9,302,2.8,Other,20,AIC,1990-10-25,1995-03-25,"Action, Adventure",1822,28954,/xyP9bVUUGAdhp4HMiRIFjssV5dR.jpg
Girls und Panzer,420,2,4,305,2.7,Original,12,Actas,2012-10-09,2013-03-25,"Action, Sports",14131,43967,/hKEgErh0c9ljzHyODohZWzapI9U.jpg
Prison School,383,2,8,306,2.6,Manga,12,J.C. Staff,2015-07-11,2015-09-26,"Comedy, Ecchi",20807,64706,/6O8NgsIB2GXldksS88QgGPTvdWF.jpg
GaoGaiGar: King of the Braves,340,1,13,307,2.5,Original,61,Sunrise,1997-02-01,2005-06-27,"Adventure, Mecha, Sci-Fi",890,45116,/zooAfAJwD0wsfJggFrSPDQ9oh10.jpg
Mitsuboshi Colors,340,1,13,307,2.5,Manga,12,SILVER LINK.,2018-01-07,2018-03-25,"Comedy, Slice of Life",98439,76134,/uiB412p9JIfTqavtfJ54Izd64TD.jpg
Mahoromatic,402,1,6,307,2.5,Manga,26,Gainax,2001-10-05,2003-01-17,"Comedy, Ecchi, Romance, Sci-Fi",276,42722,/dg46XFpzAm5CeZaOkdJ3bmean6p.jpg
Kuragehime,421,1,4,310,2.4,Manga,11,Brain's Base,2010-10-14,2010-12-30,"Comedy, Romance, Slice of Life",8129,37580,/jSpLkV4YpexvNozVRvZt57jjqIr.jpg
Shimoneta,421,1,4,310,2.4,Light Novel,12,J.C. Staff,2015-07-04,2015-09-19,"Comedy, Ecchi",20910,63323,/bRq7nVf7fkWA5XrvlEME6D3otth.jpg
Haré+Guu,421,1,4,310,2.4,Manga,52,,2001-04-03,2003-12-28,,,34812,/wtO541BFRT6jp7MShlZNIOAnX9g.jpg
Fate/Apocrypha,222,1,31,313,2.2,Light Novel,25,A-1 Pictures,2017-07-02,2017-12-31,"Action, Drama, Fantasy, Supernatural",98035,72304,/6z5fvOImqH7WsPHOJIyxEJFRwX6.jpg
Joshiraku,222,1,31,313,2.2,Manga,13,J.C. Staff,2012-07-06,2012-09-28,"Comedy, Slice of Life",12679,79040,/67zsN2RRa187v8fwYxlN8c8T19X.jpg
New Dominion Tank Police,222,1,31,313,2.2,,10,J.C. Staff,1988-05-27,1994-10-21,"Comedy, Mecha, Sci-Fi",1152,45137,/f8WPejGXINqO4aVyZuhDWBRVI2p.jpg
Nagi-Asu: A Lull in the Sea,222,1,31,313,2.2,Original,26,P.A. Works,2013-10-03,2014-04-03,"Drama, Fantasy, Romance, Slice of Life",16067,61408,/hOm9TB9JQJhAT1tBXGsngP35cCX.jpg
Black Jack,235,2,29,313,2.2,Manga,12,Tezuka Productions,2015-10-02,2015-12-18,"Action, Adventure, Drama, Mystery, Supernatural",1520,69602,/ibI8xbSSIB6P89Qj2aG0QRhNoqp.jpg
Dr. Stone,458,1,1,313,2.2,Manga,35,TMS Entertainment,2019-07-05,2021-03-25,"Action, Adventure, Comedy, Sci-Fi",105333,86031,/dLlnzbDCblBXcJqFLXyvN43NIwp.jpg
The Dragon Dentist,221,2,31,319,2.1,Original,2,Studio Khara,2017-02-18,2017-02-25,"Adventure, Fantasy",87539,70468,/xnN2C6kud4T54AaF2bqAqW5IoWd.jpg
Birdy the Mighty: Decode,267,2,23,319,2.1,Manga,25,A-1 Pictures,2008-07-05,2009-03-28,"Action, Comedy, Sci-Fi",3974,37264,/2MhyFK76viQc94A8Qbld4Ld2lSj.jpg
Paradise Kiss,372,2,9,319,2.1,Manga,12,MADHOUSE,2005-10-14,2005-12-30,"Comedy, Drama, Romance, Slice of Life",322,34208,/o4c1e7mWp2MrsHGOytAWSRLx2tJ.jpg
Gatchaman Crowds,200,2,36,322,2,Original,24,Tatsunoko Production,2013-07-13,2015-09-27,"Action, Adventure, Sci-Fi",18229,61527,/dnlC1rjaucXDHOu85KCb9F318c0.jpg
Keep Your Hands Off Eizouken!,213,2,33,322,2,Manga,12,Science SARU,2020-01-06,2020-03-23,"Adventure, Comedy, Slice of Life",109298,92579,/1rHoqpvvfjHqEBGuhKfPtZoRQkC.jpg
Re: Cutie Honey,242,2,28,322,2,Manga,3,Toei Animation,2004-07-24,2004-09-25,"Action, Comedy, Ecchi, Mahou Shoujo, Sci-Fi",151,95736,/tHh1NDxwQuvN9MASVTgnFBEbmRh.jpg
Tanaka-kun Is Always Listless,242,2,28,322,2,Manga,12,SILVER LINK.,2016-04-09,2016-06-25,"Comedy, Slice of Life",21495,66077,/q3TdnhtfXh6yfrHuZO0hEmkjjnr.jpg
Aim for the Ace,263,2,24,322,2,Manga,26,Tokyo Movie Shinsha,1973-10-05,1974-03-29,"Drama, Sports",311,46419,/fRIz0Hu3ulmHtbcPjZD0PQIYycD.jpg
Heartcatch Pretty Cure!,275,2,22,322,2,Original,49,Toei Animation,2010-02-07,2011-01-30,"Action, Comedy, Drama, Fantasy, Mahou Shoujo",7645,42981,/ifzvO12NxM3pAXD0lXzm3NYm29x.jpg
Medabots,280,2,21,322,2,Video Game,91,Bee Train,2001-09-01,2004-05-08,"Action, Adventure, Comedy, Sci-Fi",1138,11235,/sox1eAn3ZxRA14lgqP8EsEshhOT.jpg
Neo Yokio,280,2,21,322,2,Original,6,MADHOUSE,2017-09-22,2017-09-22,"Adventure, Fantasy, Horror, Sci-Fi, Supernatural",1951,74044,/dPC7se2Vi9vc9BSiCvSeV0pO9J2.jpg
Daily Lives of High School Boys,280,2,21,322,2,Manga,12,Sunrise,2012-01-10,2012-03-27,"Comedy, Slice of Life",11843,45859,/kPzPTbw3rkB66qKSsjlWtOetQWc.jpg
Kill Me Baby,296,2,19,322,2,Manga,13,J.C. Staff,2012-01-05,2012-03-29,Comedy,11079,73598,/roi29pllxcLud3wVAky4msljKE.jpg
Claymore,296,2,19,322,2,Manga,26,MADHOUSE,2007-04-03,2007-09-25,"Action, Adventure, Fantasy, Horror, Supernatural",1818,34791,/zyCuIOCcoiHVh1y519Ay9kEqAyb.jpg
Inferno Cop,433,1,3,322,2,Original,13,CoMix Wave,2012-12-25,2013-03-18,"Action, Comedy",16774,46798,/glDfHbIWCMtMhyUcXXS6l6Y1CCy.jpg
Sherlock Hound,392,1,7,334,1.9,Other,26,Tokyo Movie Shinsha,1999-09-18,2001-07-21,"Adventure, Comedy, Mystery",1972,21296,/mwLwPQBOeS1ukxUMTh7Sq1aNM63.jpg
Crayon Kingdom of Dreams,392,1,7,334,1.9,Other,,Toei Animation,,,"Adventure, Comedy, Fantasy, Mahou Shoujo",4651,,
Captain Earth,231,1,30,336,1.8,Original,25,bones,2014-04-06,2014-09-21,"Mecha, Sci-Fi",20446,60806,/g8JU8FwRHdptsS0277dZFdHo5TC.jpg
Black Rock Shooter,231,1,30,336,1.8,Other,8,Ordet,2012-02-03,2012-03-23,"Action, Drama, Fantasy, Psychological, Slice of Life",11285,43079,/5f53PhseZy8xoZNK6t2CGwQeZCS.jpg
Symphogear,286,1,20,338,1.7,Original,65,Satelight,2011-12-26,2019-09-29,"Action, Drama, Mahou Shoujo, Music, Sci-Fi",11751,63322,/sph8gCgCBm2j0tgHtexX05j6dph.jpg
Kubikiri Cycle,357,1,11,338,1.7,Light Novel,8,Shaft,2016-10-26,2017-09-27,"Drama, Mystery, Psychological, Romance, Supernatural",21803,68460,/5sjxiXlV3YQ3mLnU3ebmzfZOdwm.jpg
Saber Marionette R,308,1,18,340,1.6,,50,Animate,1996-10-01,2001-06-19,"Action, Comedy, Sci-Fi",1232,25850,/nb1Y6MAvgszPkRiwfGllD1iXMZi.jpg
Hokuto no Ken,402,1,6,340,1.6,Manga,152,Toei Animation,1984-10-11,1988-02-18,"Action, Drama, Sci-Fi",967,56387,/yypGXmBPvyJiD7pOeD2R3q84FlA.jpg
Fisherman Sanpei,402,1,6,340,1.6,Manga,109,Nippon Animation,1980-04-07,1982-04-26,"Adventure, Sports",3137,44033,/roZIxZZKBRuJgBmIlOHYXOU0wic.jpg
Basilisk,238,1,29,343,1.5,Other,24,Seven Arcs,2005-04-12,2005-09-20,"Action, Fantasy",99569,9410,/oqLJUgkLjL7FK3NdSpnG7NZHPva.jpg
Mobile Suit ZZ Gundam,365,1,10,343,1.5,,47,Sunrise,1986-03-01,1987-01-31,"Action, Mecha, Sci-Fi",9708,5660,/u7GMUFdfljplCbySERldRUReP6P.jpg
The Diary of a Crazed Family,365,1,10,343,1.5,Light Novel,26,Nomad,2008-04-12,2008-10-04,"Comedy, Sci-Fi",3577,34683,/c4oKfWaBIkAbpPZzaRVlfNw4Wv.jpg
Tsukuyomi: Moon Phase,433,1,3,343,1.5,Manga,25,Shaft,2004-10-05,2005-03-29,"Comedy, Fantasy, Romance",343,27813,/oPgFOYwpbCt9eC6AJ2lzFSJmPIX.jpg
Steins;Gate 0,246,1,28,347,1.4,Visual Novel,23,White Fox,2018-04-12,2018-09-26,"Drama, Sci-Fi, Thriller",21127,78102,/75w7GE9K7T5wvy3OGN9gauSoBOZ.jpg
A Certain Scientific Railgun,333,1,14,347,1.4,Manga,73,J.C. Staff,2009-10-02,2020-09-25,"Action, Fantasy, Sci-Fi",6213,30977,/dZt1dqw0K4JGhwcqTh8yExHYK9w.jpg
Teekyuu,412,1,5,347,1.4,Manga,116,MAPPA,2012-10-07,2017-09-28,"Comedy, Slice of Life, Sports",15125,53020,/iDyd5ChrP4uRBGkvODq4AIE4wab.jpg
Strawberry 100%,443,1,2,347,1.4,Manga,12,MADHOUSE,2005-04-05,2005-06-21,"Comedy, Ecchi, Romance",248,42873,/4KiyjGANlyMqnbB4CmAGHN2Ph0e.jpg
School Days,443,1,2,347,1.4,Visual Novel,12,TNK,2007-07-04,2007-09-27,"Drama, Romance",2476,28061,/wdbi0p7w2HTtv6Oh1wUAKRIsc0m.jpg
Mashin Hero Wataru,277,1,22,352,1.3,,142,Sunrise,1988-04-16,1998-09-17,"Adventure, Comedy, Mecha, Sci-Fi",3837,19612,/vAszluOzHQEXnVSJy9yn65i5FXX.jpg
Mai-HiME,308,1,18,352,1.3,Original,26,Sunrise,2004-09-30,2005-03-31,"Action, Comedy, Drama, Fantasy, Mecha, Romance",98,12599,/cWZhtbCNHGtivsebbbxxnw8mczE.jpg
Hellsing Ultimate,365,1,10,352,1.3,Manga,10,MADHOUSE,2006-02-10,2012-12-26,"Action, Horror, Supernatural",777,61752,/evZtiZzMX9VFoM1zzvRUmPoLPBg.jpg
Afro Samurai,373,1,9,352,1.3,Other,5,GONZO,2007-01-04,2007-02-01,"Action, Adventure",1292,19544,/1wif9a57obZA5N1UujiluoUahkI.jpg
Popotan,373,1,9,352,1.3,Visual Novel,12,Shaft,2003-07-17,2003-10-02,"Comedy, Drama, Ecchi, Supernatural",610,35129,/jD0P5NmedXCT9mODoICKW32ugzu.jpg
Mobile Suit Z Gundam,373,1,9,352,1.3,Original,50,Sunrise,2007-10-06,2009-03-29,"Drama, Mecha, Sci-Fi",80,21732,/dcUTOm6XXLT2ITQVCubkSwQ6qCE.jpg
Hakuoki ~Demon of the Fleeting Blossom~,412,1,5,352,1.3,Visual Novel,34,Studio DEEN,2010-04-03,2012-09-25,"Action, Drama, Supernatural",6895,44318,/x98F4iTVwojYvpngeGbr9SXss7M.jpg
Nisekoi,248,1,27,359,1.2,Manga,32,Shaft,2014-01-11,2015-06-26,"Comedy, Romance",18897,62640,/x15LnCbRgRlZFnq2kQdbW9tlheZ.jpg
Encouragement of Climb,248,1,27,359,1.2,Manga,49,8-bit,2013-01-03,2018-09-25,"Adventure, Comedy, Slice of Life",14355,53918,/4Of4kzRyYlzImnFm75o4JVw7uz6.jpg
Mobile Suit Gundam 00,248,1,27,359,1.2,Original,50,Sunrise,2007-10-06,2009-03-29,"Action, Drama, Mecha, Sci-Fi",2581,21732,/dcUTOm6XXLT2ITQVCubkSwQ6qCE.jpg
Neighborhood Stories,385,1,8,359,1.2,Manga,,Toei Animation,,,"Comedy, Drama, Romance, Slice of Life",852,,
Monster Rancher,433,1,3,359,1.2,Video Game,73,TMS Entertainment,1999-08-30,2001-10-07,"Action, Adventure, Comedy, Fantasy",1469,15130,/yi77t39040fU3cgUBZa7wggpJrt.jpg
Ikki Tousen,458,1,1,359,1.2,Manga,49,J.C. Staff,2003-07-30,2010-06-11,"Action, Ecchi",257,37584,/eV0cphNP9cyYL28Rxcs1C3lbEGj.jpg
Waiting in the SUmmer,252,1,26,365,1.1,Original,12,J.C. Staff,2012-01-10,2012-03-27,"Comedy, Drama, Romance, Sci-Fi, Slice of Life",11433,42499,/lWzw48MVt1zql1CA3YLugqIlA1F.jpg
Gungrave,252,1,26,365,1.1,Video Game,26,MADHOUSE,2003-10-07,2004-03-30,"Action, Drama, Sci-Fi",267,5894,/4WdnoEFLhM70XSLlV1lkvCl56Ax.jpg
To Heart!,252,1,26,365,1.1,Visual Novel,26,OLM,1999-04-02,2004-12-25,"Drama, Romance, Slice of Life",472,27346,/ooh3dKluSIvJPRpXsVaM9Ze9ajA.jpg
Digimon Tamers,252,1,26,365,1.1,Original,51,Toei Animation,2001-04-01,2002-03-31,"Adventure, Drama, Fantasy",874,9302,/uEs5GRuibXsSnAH2Hr0DiWupyzb.jpg
Charge!! Men's Private School,252,1,26,365,1.1,Manga,34,Toei Animation,1988-02-25,1988-11-14,"Action, Comedy",2903,88796,/bJTLwEgfl5lVF5fqCAc24Ljsa7Z.jpg
JoJo's Bizarre Adventure (1993),259,1,25,365,1.1,Manga,13,APPP,1993-11-19,2002-01-25,"Action, Adventure, Drama, Horror, Supernatural",666,60862,/1aIajBb89PA4w00bJ5faPoXLMFY.jpg
White Album 2,259,1,25,365,1.1,Visual Novel,13,Satelight,2013-10-06,2013-12-29,"Drama, Music, Romance, Slice of Life",18245,70072,/lwRNHfZyPWOI2oFNfIoaXsiwGJB.jpg
Gundam Build Fighters,286,1,20,365,1.1,Original,50,Sunrise,2013-10-07,2015-03-25,"Action, Mecha, Sci-Fi",19319,60667,/g0BsIJXTZBEQYgnl7xJmWFMQ9W1.jpg
Renkin San-kyuu Magical? Pokaan,333,1,14,365,1.1,Original,12,Remic,2006-04-04,2006-06-20,"Comedy, Ecchi",941,33728,/l09DBGlfomCZzD5jyMkj0CaE1Jw.jpg
Space Cobra,392,1,7,365,1.1,Manga,31,Tokyo Movie Shinsha,1982-10-07,1983-05-19,"Action, Adventure, Sci-Fi",2451,8880,/lsocXzEZv1fqUN5zVqptMvIUEMy.jpg
Dai-Guard,402,1,6,365,1.1,Original,26,Xebec,1999-10-05,2000-03-28,"Adventure, Comedy, Mecha, Sci-Fi",1312,8664,/n32SvAd8yemNQaffaspz4eWQfd6.jpg
Tonkatsu DJ Ageratou,458,1,1,365,1.1,Manga,,Studio DEEN,,,"Comedy, Music",21297,,
Kimagure Orange Road,458,1,1,365,1.1,Manga,48,Studio Pierrot,1987-04-06,1988-03-07,"Action, Comedy, Drama, Fantasy, Romance",1087,9103,/qPkVS7LtHwxgNfEIDDoJC8ruPxm.jpg
Japan Animator Expo,264,1,24,378,1,,36,,2014-11-07,2015-10-09,,,103927,/c0hdu4gPQPiyK6y2N6mQONHUecM.jpg
Tesagure! Bukatsu-mono,264,1,24,378,1,Original,36,,2013-10-06,2015-06-20,"Comedy, Slice of Life",19919,57407,/7NIO5cfhOrKUq3XATLwsTxWPw6L.jpg
Love Wind,264,1,24,378,1,Manga,13,A.C.G.T.,2004-04-01,2004-07-07,"Drama, Psychological, Romance, Slice of Life",634,42861,/91EOvXwhKkNh72eynkn46BsATqx.jpg
Great Pretender,268,1,23,378,1,Original,23,Wit Studio,2020-07-09,2020-12-17,"Action, Comedy, Drama, Thriller",110349,93816,/rI7ieYbsIquhDLkLoVIlDC0J91Z.jpg
Manga Children's Library,268,1,23,378,1,,,,,,"Drama, Fantasy",20231,,
Desert Punk,268,1,23,378,1,Manga,24,GONZO,2004-10-04,2005-03-28,"Action, Adventure, Comedy, Ecchi, Sci-Fi",25,29616,/mJ22FZbnULTrfohVbm0JEcYTTRo.jpg
Beyond the Boundary,277,1,22,378,1,Light Novel,12,Kyoto Animation,2013-10-02,2013-12-18,"Action, Drama, Fantasy, Slice of Life, Supernatural",18153,61695,/6cmtMbEZAYm3aWzthFRk6048LFi.jpg
Cat Soup Theater,283,1,21,378,1,Manga,27,,1999-07-09,1999-10-01,,,26769,/5V6o4IO3APP0I4DLMLuv0glMf7.jpg
Rage of Bahamut: Genesis,286,1,20,378,1,Video Game,36,MAPPA,2014-10-06,2017-09-30,"Action, Adventure, Fantasy, Supernatural",20590,61445,/osUNCb2v2kIlyLg9DgM5zBlnyRB.jpg
Mitsudomoe,286,1,20,378,1,Manga,22,Bridge,2010-07-02,2011-02-27,"Comedy, Slice of Life",7627,35532,/nr1ianmsNMFgZXiSXSk4fyMxj5s.jpg
Tenchi Muyo,286,1,20,378,1,Original,28,AIC,1992-09-25,2021-05-28,"Comedy, Romance, Sci-Fi",696,43004,/jQMDb6sS3IpWOZNkbPQZLLfNM3w.jpg
Cross Game,286,1,20,378,1,Manga,50,SynergySP,2009-04-05,2010-03-28,"Comedy, Drama, Romance, Sports",5941,46337,/grfEAsk3rrTSh1OcEeISI3N2oYN.jpg
7 Seeds,301,1,19,378,1,Manga,24,GONZO,2019-06-28,2020-03-26,"Action, Adventure, Drama, Horror, Mystery, Psychological, Romance, Sci-Fi",105807,85940,/iQMkaPbDKwThXTnpVUAWhtgnQVp.jpg
Demon Slayer,301,1,19,378,1,Video Game,26,Studio Signpost,2019-04-06,2019-09-28,"Adventure, Comedy, Fantasy",21612,85937,/wrCVHdkBlBWdJUZPvnJWcBRuhSY.jpg
Crest of the Stars,301,1,19,378,1,Other,38,Sunrise,1999-01-02,2005-08-06,"Action, Romance, Sci-Fi",290,26209,/5irXefwuaYeu9IdRKSgga1hmxgE.jpg
Aikatsu!,301,1,19,378,1,Video Game,178,Sunrise,2012-10-08,2016-03-31,Music,15061,65503,/tdFVCOq8AR4L92XiCzdQZK56bCL.jpg
The Heroic Legend of Arslan,308,1,18,378,1,Novel,33,LIDENFILMS,2015-04-05,2016-08-21,"Action, Adventure, Drama, Fantasy",20935,62430,/xL5gslWFKXr2TVWPOPmZBvhvxAt.jpg
Tsuki ga Kirei,308,1,18,378,1,Original,12,feel.,2017-04-07,2017-06-30,"Drama, Romance, Slice of Life",98202,70880,/wWFVlj4TBKjWfcvM5dXVs4gDThl.jpg
Run with the Wind,308,1,18,378,1,Other,23,Production I.G,2018-10-03,2019-03-27,"Comedy, Drama, Sports",101903,82766,/zBZLWzncbPeeLhi6DJAx7MspHlS.jpg
Tiger & Bunny,308,1,18,378,1,Original,25,Sunrise,2011-04-02,2011-09-17,"Action, Comedy, Mystery",9941,39659,/qyFMwoPDeKZWpvAyLAhhXDgOI9R.jpg
Fancy Lala,317,1,17,378,1,Original,26,Studio Pierrot,1998-04-05,1998-09-27,"Comedy, Drama, Mahou Shoujo, Music, Romance",604,9428,/7oxkqC4e1vgm50dTEeK6pVzBIR4.jpg
Kakushigoto,317,1,17,378,1,Manga,12,Ajiado,2020-04-02,2020-06-18,"Comedy, Slice of Life",113311,95433,/odtryn9XCRIo33oLDaAaaTNgiuQ.jpg
Astarotte's Toy,317,1,17,378,1,Manga,12,diomedéa,2011-04-10,2011-06-26,"Comedy, Ecchi, Fantasy, Romance",9736,42508,/fvRvDhGsSvQpGGcg6sVnxFa2O4N.jpg
SSSS.Gridman,317,1,17,378,1,Original,12,Trigger,2018-10-07,2018-12-23,"Action, Mecha, Sci-Fi",99424,82895,/4l9EA3CCn9BQi95Rj2xlj5PSZB.jpg
Shaman King,324,1,16,378,1,Manga,52,Xebec,2021-04-01,2021-07-22,"Action, Adventure, Comedy, Drama, Supernatural",154,104699,/6770ijAy0N5SDmdFKCIVwiSFvhp.jpg
Rokka: Braves of Six Flowers,324,1,16,378,1,Light Novel,12,Passione,2015-07-05,2015-09-20,"Action, Adventure, Fantasy, Mystery",20955,63146,/8wpv1sveOnCfvlTMjZ0tmxfOHlf.jpg
Orange,324,1,16,378,1,Manga,13,Telecom Animation Film,2016-07-04,2016-09-26,"Drama, Romance, Supernatural",21647,66958,/o9dLDFxGuNvH9qAOBnbVNKgJVbn.jpg
Love Live!,333,1,14,378,1,Original,12,Imagin,2021-07-11,2021-07-18,"Comedy, Ecchi, Romance",275,106055,/gFs2oxAjyzMu7Bx9mUJKeW3K4ym.jpg
That Time I Got Reincarnated as a Slime,333,1,14,378,1,Light Novel,48,8-bit,2018-10-02,2021-08-03,"Action, Adventure, Comedy, Fantasy",101280,82684,/jQb1ztdko9qc4aCdnMXShcIHXRG.jpg
Ratio of Forest,333,1,14,378,1,Original,,,,,"Adventure, Fantasy, Slice of Life",101906,,
Magia Record: Puella Magi Madoka Magica Side Story,340,1,13,378,1,Video Game,21,Shaft,2020-01-05,2021-08-01,"Drama, Mahou Shoujo, Mystery, Psychological, Thriller",104051,94523,/ySz7DoQvwaZLvQ3b5DbUOteATE.jpg
Middle Manager Tonegawa,340,1,13,378,1,Manga,24,MADHOUSE,2018-07-04,2018-12-26,"Comedy, Drama, Psychological",101161,80463,/4wSWVBPK6SYnUMjKjXPKN79aFFJ.jpg
Hitoribocchi no Marumaru Seikatsu,340,1,13,378,1,Manga,12,C2C,2019-04-06,2019-06-22,"Comedy, Slice of Life",101386,85990,/btoTzCw3zmjRtB99g2M5Mw2GUQG.jpg
Martian Successor Nadesico,340,1,13,378,1,Original,26,Xebec,1996-10-01,1997-03-24,"Action, Comedy, Mecha, Romance, Sci-Fi",218,35544,/iKd4q8iY1mcCCJ0GYBh9uJdlpUn.jpg
Rainbow,347,1,12,378,1,Original,19,,2017-08-11,2019-08-30,Music,136531,73275,/cdflZ8czbWKeSyousytVXsGzyFU.jpg
Pokemon: Twilight Wings,347,1,12,378,1,Video Game,7,Studio Colorido,2020-01-15,2020-08-06,"Adventure, Drama, Fantasy, Slice of Life",113932,96420,/s3tiTMRcYbR4lgQUOxWZ8w4QMqZ.jpg
Blue Spring Ride,347,1,12,378,1,Manga,12,Production I.G,2014-07-08,2014-09-23,"Comedy, Drama, Romance, Slice of Life",20596,62602,/uKSWt1oRsbH3VpVJxqHQ47Ea8Ev.jpg
Tsuritama,347,1,12,378,1,Original,12,A-1 Pictures,2012-04-13,2012-06-29,"Comedy, Sci-Fi, Slice of Life, Sports",12883,45283,/1yoAAwD26fPYpILq2YCjzwVCJSy.jpg
Hanasaku Iroha,347,1,12,378,1,Original,26,P.A. Works,2011-04-03,2011-09-25,"Comedy, Drama, Slice of Life",9289,42417,/532lxog4WHvXsgT02rHjFF6TSrx.jpg
Fang of the Sun Dougram,347,1,12,378,1,,75,Sunrise,1981-10-23,1983-03-25,"Drama, Mecha, Sci-Fi",2257,8909,/3VsRMpdnhoFWwTo9AAZQtuBlsap.jpg
Rin: Daughters of Mnemosyne,357,1,11,378,1,Original,6,Xebec,2008-02-03,2008-07-06,"Action, Ecchi, Horror, Sci-Fi, Supernatural",3342,42953,/b8b7VDTnlZXunMAKoFfm52ThmuF.jpg
Ghost in the Shell: Arise,357,1,11,378,1,,10,Production I.G,2015-04-05,2015-06-07,"Mecha, Sci-Fi",20776,62070,/9zTsKmbEkzeWLMb8LOwUcyFsOcr.jpg
Occultic;Nine,357,1,11,378,1,Light Novel,12,A-1 Pictures,2016-10-09,2016-12-25,"Mystery, Sci-Fi, Supernatural, Thriller",21708,68185,/5EUgaawNTblWWpnnzq4Hm0QEryU.jpg
"Say ""I Love You"".",357,1,11,378,1,Manga,13,ZEXCS,2012-10-07,2012-12-30,"Drama, Romance",14289,52878,/jCTTTaVz2a6f7T9mvJu5zQgxMEU.jpg
Kamichu!,357,1,11,378,1,Original,16,Brain's Base,2005-06-28,2007-11-13,"Comedy, Slice of Life, Supernatural",489,1096,/eUUcjUWDuyir0rsOH2cLD9N0HZF.jpg
The Diary of Tortov Roddle,357,1,11,378,1,Original,,Robot,,,"Adventure, Fantasy",1205,,
Garo: The Animation,365,1,10,378,1,Other,26,MAPPA,2014-10-03,2016-04-01,"Action, Fantasy, Supernatural",20753,63453,/cl9x83myIZtDSqHPu4WMekKt7E0.jpg
Love Hina,365,1,10,378,1,Manga,24,Xebec,2000-04-19,2000-09-27,"Comedy, Ecchi, Romance, Slice of Life",189,30992,/c8V0gxvi0824hsLAKaMZdC6ZX70.jpg
Yona of the Dawn,373,1,9,378,1,Manga,24,Studio Pierrot,2014-10-07,2015-03-24,"Action, Adventure, Comedy, Fantasy, Romance",20770,61461,/qxnaENqprdRge7MxQsEmOsEDVk5.jpg
Given,373,1,9,378,1,Manga,11,Lerche,2019-07-12,2019-09-20,"Drama, Music, Romance, Slice of Life",108430,88040,/pdDCcAq8RNSZNk81PXYoHNUPHjn.jpg
Gundam 0080,373,1,9,378,1,Original,6,Sunrise,1989-03-25,1989-08-25,"Adventure, Drama, Mecha, Sci-Fi",82,46512,/ju1llP8kQROLHQ2xqOscSUrEHb4.jpg
Mobile Suit Gundam ZZ,385,1,8,378,1,Original,47,Sunrise,1986-03-01,1987-01-31,"Comedy, Drama, Mecha, Sci-Fi",86,5660,/u7GMUFdfljplCbySERldRUReP6P.jpg
Battle Athletes Victory,385,1,8,378,1,Original,12,AIC,2021-04-11,2021-06-27,"Action, Adventure, Comedy, Drama, Sci-Fi, Sports",1186,108460,/2E4oJUoTCP57qT3wBjmAVAMJ3gZ.jpg
Gosick,385,1,8,378,1,Light Novel,24,bones,2011-01-07,2011-07-02,"Drama, Mystery, Romance",8425,38560,/pmpzbbNgK0CL2QdP14yqamxQusx.jpg
Air,392,1,7,378,1,Visual Novel,12,Kyoto Animation,2005-01-07,2005-03-25,"Drama, Romance, Slice of Life, Supernatural",101,26201,/3TZsD9hh7XQYVpZYnokrR5zEDU5.jpg
High Score Girl,392,1,7,378,1,Manga,21,J.C. Staff,2018-07-14,2019-12-20,"Comedy, Drama, Romance",20574,80665,/oGHR5DXFHIWc9xGwvTmxo2dHwr2.jpg
Hensuki,392,1,7,378,1,Light Novel,12,Geek Toys,2019-07-08,2019-09-23,"Comedy, Ecchi, Slice of Life",121043,88061,/qH5G6K09CWWgmiP3JCZK7UAkotW.jpg
Dirty Pair,392,1,7,378,1,Other,16,Sunrise,1994-01-21,1996-04-25,"Action, Adventure, Comedy, Ecchi, Sci-Fi",424,97421,/t4hB2CC1jzNRWiWauLvi75apFZn.jpg
Ghost Stories,402,1,6,378,1,Other,116,Studio Pierrot,2013-07-15,2021-08-02,"Horror, Mystery, Supernatural",1281,56559,/hOfrHp4LMGtHzQJGTHJrsdgzF1v.jpg
Cross Ange: Rondo of Angel and Dragon,402,1,6,378,1,Original,25,Sunrise,2014-10-05,2015-03-29,"Action, Ecchi, Mecha, Romance, Sci-Fi",20806,61425,/wUSu7WKW4KfNARFL0eEmdXdqbpn.jpg
Fate/Extra: Last Encore,402,1,6,378,1,Video Game,13,Shaft,2018-01-27,2018-04-22,"Action, Fantasy, Psychological",21717,76123,/5qveZHKo8RatUbZDzgGG9QEj558.jpg
When Supernatural Battles Became Commonplace,402,1,6,378,1,Light Novel,12,Trigger,2014-10-07,2014-12-23,"Comedy, Fantasy, Romance, Slice of Life, Supernatural",20646,61423,/dEiFt6ye2SddARtoXEiNIx8KUrv.jpg
Onegai My Melody,412,1,5,378,1,Original,,Studio Comet,,,"Fantasy, Mahou Shoujo",2489,,
Yuki Yuna Is a Hero,412,1,5,378,1,Original,24,Studio Gokumi,2014-10-16,2018-01-06,"Action, Drama, Fantasy, Mahou Shoujo, Psychological, Slice of Life",20800,71493,/bC6UrzOKnbZYqXyX12YuDvzvwhL.jpg
Persona 4 the Animation,412,1,5,378,1,Video Game,26,AIC A.S.T.A.,2018-04-08,2018-09-30,"Adventure, Mystery, Sci-Fi, Supernatural",10588,77701,/p7DwLYL0jV10eMkmokoTS9ZXIXc.jpg
The Demon Girl Next Door,421,1,4,378,1,Manga,12,J.C. Staff,2019-07-12,2019-09-27,"Comedy, Fantasy, Mahou Shoujo, Slice of Life",107490,88806,/p20iserOUnei2kYvMA1Sz5zk2uT.jpg
Guardian Ninja Mamoru,421,1,4,378,1,Light Novel,12,,2006-01-07,2006-03-25,,590,34206,/og8HedVF2JQD08UgRF2cWlwizFw.jpg
Urotsukidoji,421,1,4,378,1,,,,,,"Fantasy, Hentai, Horror, Sci-Fi",2343,,
Yumeiro Patissiere,421,1,4,378,1,Manga,63,Studio Hibari,2009-10-04,2010-12-26,"Comedy, Fantasy",6586,45999,/dCKoeh4EcHGUnWtVcoqD5OqFjlV.jpg
Sakura Quest,421,1,4,378,1,Original,25,P.A. Works,2017-04-06,2017-09-21,"Comedy, Slice of Life",97903,71013,/r9qFGtjIKSeooLAj5TYwqKtVT3F.jpg
Akudama Drive,421,1,4,378,1,Original,12,Studio Pierrot,2020-10-08,2020-12-24,"Action, Drama, Sci-Fi",116566,100436,/1s3fwsH3AjuyzObYHiptiYRgFa.jpg
After War Gundam X,421,1,4,378,1,Original,39,Sunrise,1996-04-05,1997-12-28,"Adventure, Drama, Mecha, Sci-Fi",92,25504,/3VGhFa9Sf5wVUcmPYLNgkZlZ7uT.jpg
Invincible Superman Zambot 3,433,1,3,378,1,Original,,Sunrise,,,"Action, Drama, Mecha, Sci-Fi",2200,,
Ascendance of a Bookworm,433,1,3,378,1,Light Novel,26,Ajiado,2019-10-02,2020-06-20,"Fantasy, Slice of Life",108268,91768,/aVGueAM88cc4sX6PeMvuAPObDc4.jpg
Space Adventure Cobra,433,1,3,378,1,Manga,31,Tokyo Movie Shinsha,1982-10-07,1983-05-19,"Action, Adventure, Sci-Fi",2451,8880,/lsocXzEZv1fqUN5zVqptMvIUEMy.jpg
Goblin Slayer,433,1,3,378,1,Light Novel,12,White Fox,2018-10-07,2018-12-30,"Action, Adventure, Fantasy",101165,82591,/x8ZQyxAFjz9jtCGivbOMYUC4Tp3.jpg
The Idolm@ster,433,1,3,378,1,Video Game,1,A-1 Pictures,,,"Comedy, Drama, Music, Slice of Life",10278,105902,/iBNXNZioSruB01HTlxyYBN44S0d.jpg
Minami-ke,433,1,3,378,1,Manga,52,Daume,2007-10-08,2013-03-31,"Comedy, Slice of Life",2963,56354,/zgdsmw06yv8JeLzw4Vp1ODgSrjj.jpg
Ai Yori Aoshi,443,1,2,378,1,Manga,36,J.C. Staff,2002-04-10,2003-12-27,"Comedy, Drama, Romance, Slice of Life",53,42567,/sBqJgnOAIJzc8MO6okjlH4ePfJh.jpg
Cardfight Vanguard,443,1,2,378,1,Other,370,TMS Entertainment,2011-01-08,2018-04-01,"Action, Adventure",9539,35442,/dYzXncXjGIo7xuo6HLyDjKL8ayX.jpg
The World God Only Knows,443,1,2,378,1,Manga,36,Manglobe,2010-10-08,2013-09-24,"Comedy, Romance, Supernatural",8525,56351,/4u1PaSbU7ZyY1G1FHRrfI9i761Q.jpg
Space Runaway Ideon,443,1,2,378,1,Original,39,Sunrise,1980-05-08,1981-01-28,"Drama, Mecha, Sci-Fi",930,13465,/oyMVD4MUmJBBW5IZt7anSTcBHQl.jpg
Odd Taxi,443,1,2,378,1,Original,13,OLM,2021-04-06,2021-06-29,"Drama, Mystery, Psychological",128547,116727,/1EjfuzlLayjraY358hB8fSmXCSr.jpg
Skilled Teaser Takagi,443,1,2,378,1,Manga,24,Shin-Ei Animation,2018-01-08,2019-09-22,"Comedy, Romance, Slice of Life",99468,75865,/bZxlIp4s1yLsmIiUN2o1ntijoo6.jpg
Area 88,443,1,2,378,1,Manga,12,Studio Pierrot,2004-01-09,2004-03-26,"Action, Adventure, Drama, Romance",1488,34823,/3p4mr3LiiYUhMhfgljZZcQaW8LQ.jpg
Amagi Brilliant Park,443,1,2,378,1,Light Novel,13,Kyoto Animation,2014-10-07,2014-12-26,"Comedy, Fantasy",20602,65332,/1ZFzedg6kYDBFjZANxcDdERsN08.jpg
Galaxy Express 999,458,1,1,378,1,Manga,113,Toei Animation,1978-09-14,1981-03-12,"Adventure, Drama, Mecha, Sci-Fi",1491,31709,/hSL8OUYK1TRKENMgrgStaY5lqzK.jpg
Kuroko no Basket,458,1,1,378,1,Manga,75,Production I.G,2012-04-08,2015-07-01,"Comedy, Sports",11771,45783,/5CEIm6RPRU9iy4jBpfreUwJkydv.jpg
Tokyo Magnitude 8.0,458,1,1,378,1,Original,11,bones,2009-07-09,2009-09-17,Drama,6211,37866,/ztpq6SVVLrznYJBSATCPSkgT5vo.jpg
Michiko & Hatchin,458,1,1,378,1,Original,22,Manglobe,2008-10-16,2009-03-19,"Action, Adventure",4087,21311,/kKS9CyIduZf8q45wm8WQ5a9RYx1.jpg
Ground Control to Psychoelectric Girl,458,1,1,378,1,Light Novel,12,Shaft,2011-04-15,2011-07-01,"Comedy, Romance, Sci-Fi, Slice of Life",9379,65356,/kUpCLPkNCKqQ7Kc5hgrkNvBx5Sw.jpg
Miss Bernard Said.,458,1,1,378,1,Manga,12,Creators in Pack,2016-10-06,2016-12-22,"Comedy, Slice of Life",21854,68165,/e885TPsX1PnvDNK5WMTlnPiGc7D.jpg
Manyuu Hikenchou,458,1,1,378,1,Manga,12,,2011-07-11,2011-09-26,,,71834,/oQFRm0GPn3Q9lZB2SFklft8gZBt.jpg
Space Adventure Cobra!,458,1,1,378,1,Manga,31,Tokyo Movie Shinsha,1982-10-07,1983-05-19,"Action, Adventure, Sci-Fi",2451,8880,/lsocXzEZv1fqUN5zVqptMvIUEMy.jpg
One Week Friends,458,1,1,378,1,Manga,12,Brain's Base,2014-04-07,2014-06-23,"Comedy, Drama, Romance, Slice of Life",20527,60827,/aRpxKAXCW8yjkE5aZcgZ9aezm4F.jpg